objName,objID,objInfoFlag,qualityFlag,raMean,decMean,epochMean,ng,nr,ni,nz,ny,gMeanApMag,gMeanApMagErr,rMeanApMag,rMeanApMagErr,iMeanApMag,iMeanApMagErr,zMeanApMag,zMeanApMagErr,yMeanApMag,yMeanApMagErr,dist
PSO J167.2392-12.4519,93051672392008122,436527104,52,167.23919690275662,-12.45192212945896,56859.50265450641,3,5,2,1,0,21.99839973449707,0.4595449864864349,21.83919906616211,0.1096230000257492,20.68869972229004,0.4392949938774109,21.205400466918945,0.1861270070075988,-999.0,-999.0,13.22587942262935
PSO J167.2514-12.4520,93051672514367935,436527104,52,167.2514361843872,-12.45204029777988,56684.498418388015,3,11,18,15,6,21.651100158691406,0.2594090104103088,20.92959976196289,0.0311660002917051,20.16320037841797,0.0311859995126724,19.95709991455078,0.0462820008397102,19.33180046081543,0.169282004237175,12.64555309859592
PSO J167.2740-12.4559,93051672740053315,436527104,52,167.27403470883084,-12.455911508099785,56781.53318060197,1,2,14,3,0,21.428300857543945,0.1993480026721954,23.010099411010746,0.1613509953022003,21.05590057373047,0.0718500018119812,21.166200637817383,0.0974680036306381,-999.0,-999.0,11.470027852173276
PSO J167.2765-12.4558,93051672765113386,436527104,52,167.2764685744678,-12.45584494842176,56652.78537284238,9,14,16,16,12,20.03319931030273,0.0367540009319782,19.010099411010746,0.0230000000447034,18.54159927368164,0.0091380001977086,18.359600067138672,0.0103919999673962,18.18239974975586,0.0319879986345768,11.365972727722152
PSO J167.1917-12.6589,92801671917159744,436527104,52,167.19172197659125,-12.658888889111294,56535.3013430593,6,10,11,13,2,20.96649932861328,0.0147839998826384,20.642799377441406,0.1358000040054321,20.531400680541992,0.0360170006752014,20.297100067138672,0.0479810014367103,20.1471004486084,0.0949930027127265,14.064028089949009
PSO J167.1933-12.6600,92801671933658407,503635968,60,167.1933433090387,-12.659975538566645,56554.97743156373,9,10,13,16,16,17.646499633789062,0.0052789999172091,16.97640037536621,0.0021309999283403,16.723100662231445,0.0034199999645352,16.631000518798828,0.0067119998857378,16.5398006439209,0.0059620002284646,13.992278109443498
PSO J167.2259-12.6669,92801672259520052,436527256,52,167.22591576878276,-12.666915035461608,56575.80004825917,6,14,15,17,7,19.774599075317383,0.0695960000157356,19.93120002746582,0.040192000567913,19.765100479125977,0.043758001178503,19.53190040588379,0.0382179990410804,19.46489906311035,0.1833779960870742,12.314451773906297
PSO J167.2420-12.6633,92801672419784396,436527104,52,167.24197929597074,-12.663320904747003,56778.14439818589,5,7,12,12,8,20.00040054321289,0.0510889999568462,19.84029960632324,0.0243289992213249,19.654800415039062,0.0219800006598234,19.625600814819336,0.0359320007264614,19.717300415039062,0.0461560003459453,11.345467975329509
PSO J167.5677-12.3749,93151675676880611,436527104,52,167.56773436261446,-12.374851841807656,56673.5477154061,6,7,7,3,0,21.44289970397949,0.191330999135971,21.48310089111328,0.0786439999938011,20.972299575805664,0.1625189930200576,21.4109001159668,0.331739991903305,-999.0,-999.0,15.641961531405164
PSO J167.5727-12.3717,93151675727584359,436527104,52,167.5727075588668,-12.37168641176624,56648.31662389162,13,13,14,15,14,19.9606990814209,0.0334179997444152,19.263999938964844,0.0118349995464086,18.960599899291992,0.0108709996566176,18.83769989013672,0.0105389999225735,18.65019989013672,0.0258510001003742,15.97159191491691
PSO J167.6016-12.3680,93151676015828720,444915712,53,167.60156542286907,-12.368040861187122,56560.09165943665,11,14,12,15,12,20.96759986877441,0.1102320030331611,19.929500579833984,0.0206429995596408,19.309499740600582,0.0180849991738796,19.13400077819824,0.0117020001634955,18.79829978942871,0.0663769990205764,17.22345364082024
PSO J167.6037-12.3705,93151676036945758,436527232,52,167.60371900540113,-12.370495183037749,56737.27912486395,10,13,11,2,0,21.307100296020508,0.1587840020656585,21.20929908752441,0.0522920005023479,20.938499450683597,0.0758560001850128,20.9650993347168,0.180416002869606,-999.0,-999.0,17.19714459416345
PSO J167.6052-12.3712,93151676053664933,436527104,52,167.60521443036814,-12.37116044913995,56582.56745390198,1,11,14,13,1,22.71629905700684,0.1696590036153793,21.36520004272461,0.064589999616146,20.895700454711918,0.0744519978761673,20.485200881958008,0.0595909990370273,20.194900512695312,0.1749919950962066,17.226696436175754
PSO J167.6096-12.3681,93151676098078425,436527104,52,167.60963148475253,-12.368142494144498,56499.55676568243,9,14,12,12,9,21.4143009185791,0.163451001048088,20.01460075378418,0.0198539998382329,19.529300689697266,0.0361130014061927,19.390899658203125,0.0368099994957447,19.06920051574707,0.0409360006451606,17.53830378894864
PSO J167.6129-12.3688,93151676129657731,436527104,52,167.61292550518772,-12.368836681212136,56658.17009705915,10,13,14,14,5,21.546600341796875,0.1911679953336715,20.5004997253418,0.0474560000002384,20.193700790405277,0.0385009981691837,20.13789939880371,0.0477290004491806,19.887800216674805,0.1655600070953369,17.640177354144093
PSO J167.4697-12.2595,93281674697719011,444915712,53,167.46969582664997,-12.259486947135397,56770.42456581902,7,15,16,9,10,21.39679908752441,0.0924950018525123,20.085599899291992,0.033279001712799,19.63870048522949,0.032880999147892,19.358400344848636,0.0239659994840621,19.04669952392578,0.0832820013165474,19.851393314201516
PSO J167.4726-12.2588,93281674726509943,444915712,53,167.47263837279098,-12.2587431423877,56830.74965474525,7,9,18,10,2,21.21380043029785,0.1210490018129348,20.395999908447266,0.0503830015659332,20.002500534057617,0.052165001630783,19.76099967956543,0.1016319990158081,19.261499404907227,0.3276810050010681,19.92559762628046
PSO J167.4984-12.2647,93281674984402810,436527104,52,167.4984497778313,-12.264737413934874,56833.96384088716,9,11,17,3,0,21.448400497436523,0.0745040029287338,21.248300552368164,0.0515239983797073,21.004600524902344,0.059579998254776,20.379199981689453,0.1689029932022094,-999.0,-999.0,19.906525049826637
PSO J167.1322-12.6712,92791671322004932,503635968,60,167.13216794040133,-12.671212626566646,56016.00800163008,10,10,11,11,11,17.13360023498535,0.0030529999639838,16.40880012512207,0.0062690000049769,16.123699188232422,0.0043720002286136,16.03350067138672,0.0041959998197853,15.92710018157959,0.0070859999395906,17.69430977553502
PSO J167.1746-12.6686,92791671745958075,436527104,52,167.17457855507635,-12.668623349797413,56290.47712408782,6,13,15,14,16,22.078399658203125,0.0978410020470619,20.647199630737305,0.0583110004663467,19.64800071716309,0.0263870004564523,19.20120048522949,0.0202120002359151,18.995100021362305,0.0363529995083808,15.22537872875394
PSO J167.5025-12.5086,92981675025529980,436527248,52,167.50250039439717,-12.508594405593009,56559.08851768082,11,12,18,11,3,20.935400009155277,0.1020869985222816,20.612199783325195,0.0351830013096332,20.47100067138672,0.0746499970555305,20.091699600219727,0.0910630002617836,20.092500686645508,0.2478750050067901,7.024206475585497
PSO J167.5046-12.5135,92981675046514153,436527104,52,167.5046265488767,-12.513521585235493,56635.90084572356,13,10,16,16,13,19.05620002746582,0.0197110008448362,18.61400032043457,0.0128309996798634,18.50379943847656,0.0074350000359117,18.460599899291992,0.0088630001991987,18.61540031433105,0.0332150012254715,6.932300971723392
PSO J167.5097-12.5106,92981675097197551,436527104,52,167.5096841471976,-12.51062986570423,56686.05437532719,6,12,18,5,0,21.596099853515625,0.1174340024590492,21.23450088500977,0.0681359991431236,20.98069953918457,0.0940710008144378,20.64970016479492,0.1355859935283661,-999.0,-999.0,7.2778522163901265
PSO J167.5101-12.5122,92981675100755846,436527104,52,167.51006479015837,-12.512240463190988,56512.94822667945,3,2,4,1,0,22.456199645996094,0.1890340000391006,22.617700576782227,0.0002099999983329,21.52560043334961,0.1347869932651519,20.52359962463379,0.1830189973115921,-999.0,-999.0,7.236553842859839
PSO J167.5169-12.5117,92981675169286332,503635968,60,167.51689655359027,-12.511693506505582,56646.04140791549,12,16,17,13,10,20.72130012512207,0.0625789985060691,19.3754997253418,0.017757000401616,18.11429977416992,0.0077249999158084,17.563100814819336,0.0046939998865127,17.296300888061523,0.0214360002428293,7.584964625525273
PSO J167.5279-12.5126,92981675279505302,436527104,52,167.52791009486631,-12.51255651887136,56665.3281045804,3,14,18,13,6,21.585100173950195,0.1047659963369369,21.062299728393555,0.0633059963583946,19.85849952697754,0.0205530002713203,19.52879905700684,0.0365110002458095,19.432600021362305,0.0655059963464737,8.10178818007416
PSO J167.1205-12.4571,93051671205531871,503635968,60,167.12051982395693,-12.457096121886144,56255.34914067511,8,7,9,9,11,20.075300216674805,0.0579189993441104,18.88789939880371,0.0204399991780519,18.076400756835938,0.0047100000083446,17.736900329589844,0.0084600001573562,17.504199981689453,0.0127699999138712,19.246999664729348
PSO J167.1269-12.4580,93051671269330710,436527104,52,167.12691809613895,-12.45805860307948,56458.416758848936,1,9,12,5,2,21.451400756835938,0.1859800070524215,20.97610092163086,0.1334919929504394,20.743099212646484,0.0672900006175041,20.411500930786133,0.1140070036053657,19.74850082397461,0.1811960041522979,18.872419736187634
PSO J167.1299-12.4530,93051671299876802,512024576,61,167.12994114985716,-12.452989352831416,56619.16595095585,12,9,10,7,10,19.79170036315918,0.0465329997241497,18.722299575805664,0.0153519995510578,18.332799911499023,0.0119209997355937,18.28400039672852,0.0235910005867481,18.034099578857425,0.0234220009297132,18.833339508987038
PSO J167.1439-12.4567,93051671439052363,444915712,53,167.14388461511174,-12.456684920622187,56743.99569975535,9,14,18,9,1,21.366199493408203,0.1545549929141998,20.4424991607666,0.0237140003591775,20.10110092163086,0.0470179989933967,19.797199249267575,0.0744550004601478,19.679500579833984,0.1779049932956695,17.982079475952183
PSO J167.1467-12.4519,93051671467078054,436527104,52,167.1466716534622,-12.451929563021176,56697.178003729874,11,16,18,10,14,20.710899353027344,0.1006340011954307,19.55299949645996,0.0244769994169473,18.971900939941406,0.019896000623703,18.69179916381836,0.0075039998628199,18.55270004272461,0.0233549997210502,17.95698079706843
PSO J167.1538-12.4545,93051671539684856,444915712,53,167.15388075021806,-12.454457472966723,56814.78223398449,1,8,13,2,0,21.75469970703125,0.195263996720314,21.034299850463867,0.0771510004997253,20.93099975585937,0.0829180032014846,20.1924991607666,0.1006660014390945,-999.0,-999.0,17.502346139033374
PSO J167.1595-12.4565,93051671595662591,436527232,52,167.15952634953658,-12.456499830420702,56792.77867367804,13,13,18,10,12,19.50230026245117,0.0202389992773532,19.18939971923828,0.0139330001547932,19.048999786376957,0.0169510003179311,19.04490089416504,0.0231929998844862,18.96660041809082,0.0387170016765594,17.144749616699702
PSO J167.1610-12.4554,93051671610563930,503635968,60,167.16102433587892,-12.455377665764235,56797.19909539799,13,14,18,9,13,18.565099716186523,0.0119260000064969,18.117900848388672,0.007337000221014,17.91510009765625,0.006004000082612,17.852399826049805,0.0112410001456737,17.773500442504883,0.0129060000181198,17.095318477348673
PSO J167.1746-12.4529,93051671746426932,444915712,53,167.1745809377638,-12.452870507591774,56717.4279019816,5,10,4,3,1,21.26689910888672,0.1425700038671493,20.63969993591309,0.0517010018229484,20.177000045776367,0.107182003557682,20.10860061645508,0.336010992527008,18.563600540161133,0.1561769992113113,16.44855983457318
PSO J167.5157-12.9019,92511675156398067,444915712,53,167.5156651738067,-12.901871494050257,56345.35937627093,2,17,16,15,9,21.673900604248047,0.1419800072908401,20.55109977722168,0.041933000087738,19.926000595092773,0.0331760011613369,19.603200912475582,0.0325889997184276,19.38159942626953,0.1316059976816177,19.920124030272255
PSO J167.0970-12.6608,92801670970807434,436527104,52,167.09703683791588,-12.66078774114541,56611.84604691899,11,10,18,14,15,18.72559928894043,0.0088809998705983,18.40800094604492,0.0053119999356567,18.25749969482422,0.0073429998010396,18.25230026245117,0.014568000100553,18.15959930419922,0.0291200000792741,19.567640903885938
PSO J167.0975-12.6638,92801670975323837,444915712,53,167.0974936258891,-12.663780802192957,56607.31990714199,1,3,10,1,0,21.043500900268555,0.1506679952144622,20.392799377441406,0.0765250027179718,20.28400039672852,0.1031450033187866,20.510900497436523,0.1829040050506591,-999.0,-999.0,19.583160215382968
PSO J167.1000-12.6656,92801671000431687,436527104,52,167.09996851090776,-12.665579859423554,56388.9929318747,5,12,16,15,16,21.36210060119629,0.0399900004267692,20.577600479125977,0.051511000841856,19.02549934387207,0.0107490001246333,18.392799377441406,0.0201200004667043,18.111400604248047,0.0272240005433559,19.465312314405086
PSO J167.1186-12.6589,92801671186559701,503635968,60,167.11862690712277,-12.65891269568,56568.37391216584,13,12,17,13,12,17.84589958190918,0.0049290000461041,17.442800521850586,0.0037849999498575,17.28849983215332,0.0034179999493062,17.259700775146484,0.0044550001621246,17.182300567626953,0.0149339996278285,18.28211771863705
PSO J167.4389-12.6627,92801674388835238,444915712,53,167.43890145091504,-12.662683481749768,56306.24754467904,9,14,17,14,2,21.01059913635254,0.0448249988257885,20.276899337768555,0.0337520018219947,19.99340057373047,0.036506999284029,19.90010070800781,0.0625789985060691,17.92970085144043,0.0002090000052703,4.847880194891233
PSO J167.4510-12.6652,92801674510292161,436527104,52,167.45094992112902,-12.665167871512896,56615.70290901013,8,9,12,5,0,21.686899185180664,0.1362040042877197,21.21759986877441,0.0899309962987899,21.272300720214844,0.1012400016188621,20.57099914550781,0.0628350004553794,-999.0,-999.0,5.248758297076526
PSO J167.4554-12.6654,92801674554201878,444915712,53,167.45542603656975,-12.665372567935703,56599.96155625138,5,12,18,11,10,21.6254997253418,0.0912469998002052,20.266700744628903,0.037016998976469,19.77179908752441,0.0310280006378889,19.504100799560547,0.0440090000629425,19.03770065307617,0.0813179984688758,5.3774352914768695
PSO J167.4610-12.6650,92801674610132313,444915712,53,167.46103935471473,-12.66503085920231,56589.71963887223,5,12,18,13,12,21.159900665283203,0.1086229979991912,19.936500549316406,0.0352559983730316,19.445899963378903,0.0464829988777637,19.22929954528809,0.0505639985203743,18.89150047302246,0.1063719987869262,5.52202180816065
PSO J167.4629-12.6644,92801674628533189,444915712,53,167.46285176437863,-12.66443256482578,56633.13237347783,2,12,18,11,4,20.87380027770996,0.2805480062961578,20.504600524902344,0.0226770006120204,20.224199295043945,0.035436000674963,19.88170051574707,0.0494230017066001,19.54829978942871,0.1336649954319,5.547312317895865
PSO J167.4636-12.6665,92801674636220615,436527104,52,167.46363958808416,-12.666486929708343,56551.8029744347,12,12,15,9,1,20.858800888061523,0.0787839964032173,20.379199981689453,0.0434340015053749,20.28510093688965,0.0272049997001886,20.328399658203125,0.0727389976382255,19.96660041809082,0.1543049961328506,5.677116449921992
PSO J167.4648-12.6670,92801674646990019,444915712,53,167.46477055353893,-12.666982780292146,56519.48804545134,3,11,14,12,2,20.929399490356445,0.1178760007023811,20.04700088500977,0.0621769987046718,19.6382999420166,0.0796419978141784,19.473100662231445,0.0497060008347034,19.269500732421875,0.1557680070400238,5.737991952695836
PSO J167.4736-12.6658,92801674735631435,436527104,52,167.47359443450694,-12.665825382626288,56659.578473532085,10,10,17,12,4,21.30940055847168,0.0579379983246326,20.44969940185547,0.0439479984343051,20.045000076293945,0.0342929996550083,19.86160087585449,0.0673179998993873,19.920000076293945,0.0725099965929985,5.977656585228598
PSO J167.4787-12.6608,92801674786587505,503635968,60,167.4786484737849,-12.66076316046667,56558.06774916069,6,9,14,12,12,20.443300247192383,0.0589060001075267,19.21489906311035,0.0103850001469254,18.29910087585449,0.0081529999151825,17.880399703979492,0.008190999738872,17.63330078125,0.0163119994103908,5.92873046293303
PSO J167.7225-12.6725,92791677226323507,436527104,52,167.72253567291628,-12.672503143930316,56727.26216648776,8,15,18,11,7,20.37779998779297,0.018385000526905,19.74209976196289,0.0240599997341632,19.55150032043457,0.0158830005675554,19.45070075988769,0.0427789986133575,19.22319984436035,0.0268949996680021,19.207884151500974
PSO J167.7228-12.6734,92791677228612316,436527104,52,167.7228303911648,-12.673395919589275,56751.69789066221,2,5,11,7,0,21.785400390625,0.1117909997701644,20.84269905090332,0.0348489992320537,20.760099411010746,0.0675060003995895,20.444900512695312,0.0779889971017837,-999.0,-999.0,19.23948763065791
PSO J167.5113-12.4559,93051675114073254,436527104,52,167.51129669451186,-12.455909141395418,56326.10146959498,2,6,8,9,0,21.707599639892575,0.0832369998097419,21.167200088500977,0.0594730004668235,21.397600173950195,0.2274689972400665,20.770299911499023,0.1018719971179962,-999.0,-999.0,9.717785056425058
PSO J167.5160-12.4579,93051675160230812,512024576,61,167.51598844220732,-12.457950665553806,56258.07803369919,11,13,9,15,14,18.91790008544922,0.0305259991437196,17.681699752807617,0.0043069999665021,16.908300399780273,0.0078119998797774,16.549999237060547,0.0047459998168051,16.3523006439209,0.0077550001442432,9.792608281633454
PSO J167.4049-12.6615,92801674048956537,436527104,52,167.40487448287973,-12.661520286315389,56391.78659880714,11,17,20,19,12,20.17959976196289,0.0299449991434812,19.59199905395508,0.016024999320507,19.43630027770996,0.0215160008519887,19.33679962158203,0.0300840009003877,19.28849983215332,0.0791509971022605,4.585573473045277
PSO J167.3747-12.7424,92701673746859505,436527104,52,167.37466130978544,-12.74237815942953,56609.86414642824,10,15,16,11,8,20.69289970397949,0.0738589987158775,20.439599990844727,0.040812999010086,20.096900939941406,0.0253849998116493,20.167699813842773,0.0444159992039203,19.967500686645508,0.1689970046281814,9.698929533684527
PSO J167.3763-12.7463,92701673762744799,436527104,52,167.3762544738662,-12.746291470819513,56697.87093355473,6,15,10,9,7,21.354900360107425,0.1402029991149902,20.645000457763672,0.0520180016756057,20.048099517822266,0.0502599999308586,20.03190040588379,0.0704540014266967,19.664400100708008,0.2074809968471527,9.904165231673788
PSO J167.3771-12.7449,92701673770356410,436527104,52,167.37706815852223,-12.744945124075938,56657.81498655067,3,14,10,6,0,21.420799255371094,0.1149019971489906,21.046600341796875,0.0723249986767768,21.15920066833496,0.0975899994373321,20.911800384521484,0.148034006357193,-999.0,-999.0,9.814331325017983
PSO J167.6877-12.6710,92791676877145124,436527104,52,167.68767107437623,-12.67105378234059,56779.346380072406,1,6,9,1,1,23.575199127197266,0.1976629942655563,21.588699340820312,0.4546889960765838,20.84959983825684,0.1109490022063255,20.938400268554688,0.1830880045890808,18.95330047607422,0.1765230000019073,17.177619146273482
PSO J167.4507-12.4573,93051674506051582,436527104,52,167.45064804598243,-12.45733079325787,56670.09028258775,2,8,6,2,0,21.90959930419922,0.0848049968481063,21.39780044555664,0.0725660026073455,20.60330009460449,0.0555370002985,20.81629943847656,0.1435309946537017,-999.0,-999.0,8.002751055408837
PSO J167.4511-12.4538,93051674511415781,444915712,53,167.45111163127922,-12.45383634794928,56490.88320319076,12,12,12,16,8,20.617700576782227,0.0639379993081092,19.529699325561523,0.0276820007711648,19.034400939941406,0.0210129991173744,18.837799072265625,0.0202680006623268,18.695199966430664,0.0642030015587806,8.212141374151791
PSO J167.4638-12.4580,93051674638640643,436527104,52,167.4638599755902,-12.458143356825303,56577.6500353021,4,7,8,2,1,20.67620086669922,0.1606319993734359,21.38139915466309,0.1066299974918365,21.109600067138672,0.1492179930210113,21.28420066833496,0.3816390037536621,17.456600189208984,0.0173879992216825,8.208042844299602
PSO J167.4729-12.4513,93051674728858816,436527104,52,167.47285623446712,-12.451321419773173,56479.74862085047,1,10,10,10,10,21.98310089111328,0.2381689995527267,21.241199493408203,0.0701349973678588,19.550899505615234,0.0346760004758834,18.82430076599121,0.0242340005934238,18.3799991607666,0.0198389999568462,8.792005921340781
PSO J167.4829-12.4513,93051674828048879,302309376,36,167.482939329937,-12.4511761343133,56200.37422268058,1,5,4,1,0,20.822900772094727,0.1794590055942535,21.096799850463867,0.1083090007305145,20.89780044555664,0.1161969974637031,22.560800552368164,0.2470020055770874,-999.0,-999.0,9.058136194421984
PSO J167.4952-12.4557,93051674952783591,444915712,53,167.49520113917544,-12.45565485633521,56580.76392505711,12,16,10,12,13,20.41699981689453,0.0452659986913204,19.5093994140625,0.0170540008693933,19.120100021362305,0.0125569999217987,18.94440078735352,0.0251400005072355,18.78499984741211,0.0363549999892711,9.185677201376814
PSO J167.3456-12.6633,92801673456164272,444915712,53,167.34554873838186,-12.663328961732129,56513.16785513048,12,14,14,15,1,20.9158992767334,0.1078239977359771,20.426000595092773,0.0426540002226829,20.02140045166016,0.0630669966340065,19.89259910583496,0.0485339984297752,19.80599975585937,0.1787610054016113,6.226226512014075
PSO J167.3685-12.7428,92701673684578983,503635968,60,167.36846103986483,-12.742844618743982,56716.40892003091,10,13,12,10,11,15.80780029296875,0.0034159999340772,15.458600044250488,0.0041860002093017,15.324299812316896,0.0030360000673681,15.316699981689451,0.0017450000159442,15.284899711608888,0.0044280001893639,9.823882333534108
PSO J167.4008-12.4565,93051674009782541,444915712,53,167.40082565385006,-12.45651802521572,56628.76702348565,2,12,12,12,1,21.61479949951172,0.3450070023536682,20.70359992980957,0.0762209966778755,20.45389938354492,0.0330239981412887,20.142099380493164,0.0584789998829364,20.317800521850582,0.1656630039215088,7.792995765111633
PSO J167.4080-12.4569,93051674079732164,503635968,60,167.40796451293312,-12.456926421251543,56698.52063438376,10,13,14,10,10,17.23270034790039,0.0052660000510513,16.884000778198242,0.003707000054419,16.73270034790039,0.0035959999077022,16.715499877929688,0.0034910000395029,16.692800521850586,0.0118869999423623,7.73545790119968
PSO J167.4144-12.4516,93051674144158429,503635968,60,167.41439312662405,-12.451642177086658,56362.41400845868,9,15,10,10,12,20.00359916687012,0.0303750000894069,18.752700805664062,0.007335000205785,17.558000564575195,0.0028669999446719,17.019100189208984,0.0046879998408257,16.780099868774414,0.0119899995625019,8.042869385373587
PSO J167.4164-12.4561,93051674164643017,436527104,52,167.41639763265192,-12.456110294603594,56581.49172323097,10,14,13,10,2,20.78400039672852,0.0700189992785453,20.42180061340332,0.0444520004093647,20.33839988708496,0.0489920005202293,20.55069923400879,0.0654110014438629,19.111799240112305,0.174685999751091,7.775706148806863
PSO J167.4329-12.4581,93051674329030826,436527104,52,167.43289594848153,-12.458106284112286,56661.289641549,10,15,16,11,1,21.65130043029785,0.1621199995279312,20.93409919738769,0.0457740016281604,20.52300071716309,0.0447669997811317,20.58880043029785,0.0933419987559318,20.270700454711918,0.2010490000247955,7.735046012262185
PSO J167.4393-12.4579,93051674393150887,444915712,53,167.4393073040396,-12.457913679041438,56690.296239641946,6,10,17,14,6,21.535200119018555,0.1046300008893013,20.48360061645508,0.0570929981768131,19.902700424194336,0.0320170000195503,19.69379997253418,0.045839000493288,19.164400100708008,0.0985679998993873,7.810875954207413
PSO J167.4460-12.4530,93051674460076843,436527104,52,167.44597216804183,-12.452991976910203,56635.36634299875,11,14,11,13,2,21.359399795532227,0.1047260016202926,20.968799591064453,0.0441620014607906,21.050500869750977,0.0802489966154098,20.654600143432617,0.0801239982247352,19.71999931335449,0.1592410057783126,8.184133531198446
PSO J167.3252-12.6664,92801673252060732,436527104,52,167.32520644490225,-12.666368466088924,56540.41392400222,1,6,15,12,7,22.181900024414062,0.2395060062408447,20.78089904785156,0.017578000202775,20.1609001159668,0.058152001351118,19.7898006439209,0.05460200086236,19.113500595092773,0.1791500002145767,7.216108271164874
PSO J167.3910-12.4562,93051673910352980,436527104,52,167.39100763361532,-12.456196213524114,56704.47755722754,9,9,17,11,7,19.80270004272461,0.0294230002909898,19.41629981994629,0.0310239996761083,19.260900497436523,0.0124970003962516,19.144100189208984,0.0172840002924203,18.812599182128903,0.100442998111248,7.895380722129549
PSO J167.2765-12.6646,92801672767022911,436527104,52,167.2765349099761,-12.664584340743668,56425.71016458422,1,10,15,10,0,21.944799423217773,0.1970559954643249,21.832300186157227,0.1310209929943084,20.885099411010746,0.1943359971046447,20.830400466918945,0.0932840034365654,-999.0,-999.0,9.530580264350519
PSO J167.6324-12.3688,93151676324647792,503635968,60,167.63243197767102,-12.368787706774636,56521.03739396462,13,15,11,15,12,15.11240005493164,0.0014159999554976,14.74880027770996,0.0010489999549463,14.607399940490724,0.0027540000155568,14.58590030670166,0.0015559999737888,14.55500030517578,0.0020749999675899,18.452760583089024
PSO J167.6611-12.3742,93151676612121283,436527104,52,167.66113772432632,-12.374213249675078,56717.26287568834,1,10,16,11,0,21.86389923095703,0.1834259927272796,20.885400772094727,0.0289389993995428,20.589000701904297,0.0607680007815361,20.3125,0.0338120013475418,-999.0,-999.0,19.497869471339637
PSO J167.6625-12.3718,93151676625594253,444915712,53,167.66251736845533,-12.371772689437696,56629.8949528315,1,10,16,14,3,21.746999740600582,0.1834039986133575,20.534099578857425,0.0921429991722107,20.08209991455078,0.0422349981963634,19.735200881958008,0.0261419992893934,19.416000366210938,0.0289019998162984,19.656099293467584
PSO J167.4298-12.6104,92861674298727953,436527104,52,167.42984727482704,-12.61037397913341,56708.08586984043,8,15,15,10,12,21.45929908752441,0.1140870004892349,20.499099731445312,0.0328090004622936,19.57710075378418,0.0297459997236728,19.236499786376957,0.0212900005280971,19.00909996032715,0.0475840009748935,1.747140993619747
PSO J167.4407-12.6161,92861674407391086,503635968,60,167.4407290761344,-12.616099828445424,56686.91815443385,11,14,16,13,11,17.13450050354004,0.0036899999249726,16.794200897216797,0.0029639999847859,16.66200065612793,0.0029239999130368,16.64259910583496,0.0046509997919201,16.614900588989258,0.010063000023365,2.4134457727939065
PSO J167.6712-12.7888,92651676711563830,444915712,53,167.6711604052374,-12.788766444384772,56496.85223170768,6,12,16,16,13,20.876300811767575,0.0690599977970123,19.68099975585937,0.0211859997361898,19.075000762939453,0.0175889991223812,19.05340003967285,0.0430179983377456,18.7450008392334,0.0859569981694221,19.64172631572613
PSO J167.6760-12.7908,92651676760591478,436527104,52,167.67599895980513,-12.790745513639644,56594.65036287717,16,15,20,16,0,20.7632999420166,0.0528529994189739,20.506200790405277,0.0311590004712343,20.401100158691406,0.0633969977498054,20.485700607299805,0.0367660000920295,-999.0,-999.0,19.943279720309658
PSO J167.3664-12.6110,92861673663677390,444915712,53,167.36639301266658,-12.611017819423726,56671.684432092414,1,12,14,8,0,21.56110000610352,0.2119790017604828,21.084999084472656,0.0675489977002143,20.805599212646484,0.0549230016767978,20.328800201416016,0.0399990007281303,-999.0,-999.0,3.25671757610824
PSO J167.3803-12.6142,92861673803023311,436527104,52,167.38029548739704,-12.614231404931155,56673.64745017931,14,18,20,15,13,18.24329948425293,0.0082890000194311,17.88640022277832,0.0046210000291466,17.75979995727539,0.0036230001132935,17.779399871826172,0.0053240000270307,17.737199783325195,0.0071859997697174,2.6683002962912847
PSO J167.3848-12.6141,92861673847823510,503635968,60,167.38477962245273,-12.614074251412202,56655.33881166081,15,13,18,15,16,18.59449958801269,0.0106880003586411,18.056400299072266,0.0080930003896355,17.832500457763672,0.0059380000457167,17.77039909362793,0.0153700001537799,17.629499435424805,0.0286710001528263,2.4614867416638893
PSO J167.3865-12.6094,92861673865449066,436527232,52,167.3865168342311,-12.609439772245942,56581.74634288243,3,15,18,16,13,22.4773006439209,0.2062910050153732,20.67140007019043,0.0318720005452632,19.633699417114254,0.0171050000935792,19.2007999420166,0.0118399998173117,18.872699737548828,0.0394649989902973,2.19760811204155
PSO J167.4012-12.7005,92751674011599922,444674048,53,167.40117110988407,-12.700559810611688,56004.60521051134,1,2,1,1,0,19.90089988708496,0.104262001812458,20.768999099731445,0.1153189986944198,20.78009986877441,0.1665579974651336,20.24970054626465,0.1735859960317611,-999.0,-999.0,6.9377429272921285
PSO J167.4040-12.7004,92751674039739959,436527104,52,167.4039683418788,-12.70037507150957,56760.59149387643,14,16,20,14,13,19.50659942626953,0.0215109996497631,18.867900848388672,0.0122079998254776,18.606000900268555,0.009537000209093,18.491500854492188,0.0110640004277229,18.384700775146484,0.0541630014777183,6.909511301526764
PSO J167.4105-12.7074,92751674106291548,436527104,52,167.41049022097977,-12.707435413520516,56655.3066612313,2,11,9,4,0,20.15589904785156,0.0001840000040829,21.1476993560791,0.1048099994659423,21.25469970703125,0.0381029993295669,20.96030044555664,0.2129279971122741,-999.0,-999.0,7.308490644925724
PSO J167.1249-12.4612,93041671249826952,444915712,53,167.12493504895392,-12.461179519875817,56510.39295038991,4,7,12,10,9,20.92790031433105,0.1649760007858276,19.80290031433105,0.0608670003712177,19.15290069580078,0.0244110003113746,18.988399505615234,0.0318679995834827,18.69879913330078,0.0601259991526603,18.906457710568667
PSO J167.1355-12.4628,93041671354705104,444915712,53,167.1355104049738,-12.46276452722792,56769.48499058265,2,8,11,5,0,21.444499969482425,0.2155179977416992,20.89189910888672,0.0372599996626377,20.75160026550293,0.0746389999985694,20.499799728393555,0.1706700026988983,-999.0,-999.0,18.28672417499785
PSO J167.1356-12.4618,93041671356546333,436527104,52,167.1355840388629,-12.4617746546059,56654.17594850015,12,15,14,7,1,20.94219970703125,0.050145998597145,20.749099731445312,0.0392640009522438,20.83639907836914,0.1509599983692169,20.732200622558597,0.0378369987010955,20.60269927978516,0.1886380016803741,18.306722012206194
PSO J167.1598-12.4640,93041671598453551,436527104,52,167.15980507716748,-12.464044022153804,56681.46697631328,1,11,18,11,3,22.19109916687012,0.1914989948272705,21.29179954528809,0.0489870011806488,20.661800384521484,0.0546660013496875,20.292299270629883,0.0444790013134479,20.27330017089844,0.1411429941654205,16.929818285194973
PSO J167.1627-12.4655,93041671628351758,436527104,52,167.16271741891006,-12.465500023119176,56729.384935656,10,13,17,10,5,20.20170021057129,0.0178040005266666,19.96820068359375,0.0213469993323087,19.98859977722168,0.0416040010750293,20.03160095214844,0.0531320013105869,20.20560073852539,0.0898369997739791,16.73448857300817
PSO J167.1816-12.4608,93041671816977417,436527104,52,167.1816285967707,-12.460811946297197,56788.8476654426,1,10,17,7,0,21.42569923400879,0.1573099941015243,21.340599060058597,0.0737719982862472,20.762300491333008,0.0603259988129138,20.601900100708008,0.1201519966125488,-999.0,-999.0,15.849208057457112
PSO J167.4466-12.8549,92571674466524472,503635968,60,167.44663020591832,-12.85493351700525,56497.68884863658,14,16,19,13,14,19.24690055847168,0.0138349998742342,18.0132999420166,0.0043999999761581,17.13800048828125,0.0048179998993873,16.742399215698242,0.0030580000020563,16.53260040283203,0.0078520001843571,16.269944297459016
PSO J167.4543-12.8527,92571674543367202,436527104,52,167.45429828326175,-12.852668207943418,56387.18649193586,9,16,13,13,10,20.097299575805664,0.0733949989080429,19.584400177001957,0.013154000043869,19.44129943847656,0.0156449992209672,19.387399673461918,0.0207640007138252,18.92449951171875,0.0257190000265836,16.19658147530185
PSO J167.4558-12.8527,92571674558657179,503635968,60,167.4558366237232,-12.85268768098329,56333.0411149853,15,15,12,16,15,16.319299697875977,0.0026010000146925,15.91349983215332,0.0017140000127255,15.765700340270996,0.004505000077188,15.723999977111816,0.001912000006996,15.675700187683104,0.0061570000834763,16.211635314480766
PSO J167.4780-12.8541,92571674779665622,1384439808,165,167.4779682920257,-12.854045508548776,56386.69697033287,3,4,2,1,0,21.07150077819824,0.0340190008282661,21.15780067443848,0.1269679963588714,20.812700271606445,0.0268370006233453,21.021299362182617,0.2080900073051452,-999.0,-999.0,16.546908599201725
PSO J167.4842-12.8539,92571674842235684,503635968,60,167.4841937956706,-12.853944903936078,56223.15062594964,14,17,8,14,14,18.96500015258789,0.0103359995409846,18.2189998626709,0.0055209998972713,17.91510009765625,0.0073710000142455,17.765399932861328,0.0095530003309249,17.628700256347656,0.0219790004193782,16.631137142105075
PSO J167.4916-12.8520,92571674915828070,436527104,52,167.49157803502337,-12.852036814915646,56542.12892252824,5,9,13,1,0,21.47800064086914,0.1911340057849884,21.10689926147461,0.1007779985666275,20.660400390625,0.0983809977769851,20.502500534057617,0.1391389966011047,-999.0,-999.0,16.638193100838773
PSO J167.4935-12.8562,92571674935902935,436527104,52,167.49351557652625,-12.856212230851792,56446.79541948354,10,13,12,6,2,21.45439910888672,0.1276209950447082,21.324199676513672,0.0493590012192726,21.298999786376957,0.1629070043563842,20.992799758911133,0.156140998005867,20.239200592041016,0.1878329962491989,16.91122664394279
PSO J167.4987-12.8559,92571674986773299,503635968,60,167.49865625513516,-12.855927879848872,56306.40006416329,15,13,12,14,14,18.117000579833984,0.0053099999204277,17.584800720214844,0.0035180000122636,17.381000518798828,0.0060939998365938,17.319599151611328,0.0041860002093017,17.246999740600586,0.01101899985224,16.984094372224067
PSO J167.5018-12.8537,92571675018536014,503635968,60,167.50182580348542,-12.853667239730315,56330.52782658422,15,13,16,13,13,16.94029998779297,0.0020379999186843,16.520000457763672,0.0023209999781101,16.355300903320312,0.002430000109598,16.31559944152832,0.0034300000406801,16.26740074157715,0.0075400001369416,16.912665658103077
PSO J167.5037-12.8549,92571675036804521,503635968,60,167.50365886225686,-12.854908794307606,56376.56571703564,12,13,16,11,13,19.581899642944336,0.0223210006952285,18.337499618530277,0.0060620000585913,17.358800888061523,0.0044289999641478,16.909000396728516,0.0050980001688003,16.654499053955078,0.013171000406146,17.01779225749883
PSO J167.1945-12.3468,93181671945274191,512024576,61,167.1944897274924,-12.346826489285844,56482.37116915728,6,12,4,14,12,19.8705997467041,0.0234500002115964,18.894699096679688,0.0179619994014501,18.34469985961914,0.0084260003641247,18.176300048828125,0.0162230003625154,17.904199600219727,0.0195889994502067,19.480726293909516
PSO J167.7031-12.6893,92771677030883198,436527104,52,167.70308722237064,-12.689300253632988,56515.01498757251,2,14,14,7,8,22.545299530029297,0.4372490048408508,20.98740005493164,0.0185289997607469,20.03420066833496,0.038391001522541,19.622900009155277,0.0300689991563558,19.56730079650879,0.102471999824047,18.403027720043347
PSO J167.7202-12.6842,92771677202369322,503635968,60,167.72019767732093,-12.684197006192145,56742.24111658578,10,15,17,8,8,18.848800659179688,0.0230459999293088,17.797399520874023,0.0044619999825954,17.337600708007812,0.0037700000684708,17.145299911499023,0.0059759998694062,17.033300399780273,0.0216830000281333,19.276334169279238
PSO J167.4335-12.4733,93031674335632485,503635968,60,167.43351630681383,-12.473253563181611,56525.67841547053,13,13,13,12,13,16.64889907836914,0.0029029999859631,15.698699951171877,0.0036359999794512,15.25189971923828,0.0017020000377669,15.122699737548828,0.0014319999609142,14.99209976196289,0.0031179999932646,6.84299553106803
PSO J167.4392-12.4751,93031674392800346,436527104,52,167.43924450834243,-12.475063153431126,56618.30697278457,12,16,14,11,8,21.013900756835938,0.0382529981434345,20.162399291992188,0.0384920015931129,19.869600296020508,0.0257849991321563,19.751399993896484,0.0419120006263256,19.79159927368164,0.0761329978704452,6.8029387470107245
PSO J167.4535-12.4701,93031674535426218,503635968,60,167.45348796462733,-12.4701378399428,56700.953598893975,12,14,17,16,13,16.052000045776367,0.0038350000977516,15.666999816894531,0.0039479997940361,15.520099639892578,0.0014459999511018,15.502699851989746,0.0020020001102238,15.474300384521484,0.0054020001552999,7.3190583015393145
PSO J167.6616-12.7846,92651676615878896,436527104,52,167.6615874464787,-12.784565310461586,56370.47301915918,10,17,21,18,16,21.53199958801269,0.1146209985017776,20.69499969482422,0.0216600000858306,19.37969970703125,0.0141780003905296,18.782100677490234,0.0156929995864629,18.531200408935547,0.0589420013129711,19.035516334165404
PSO J167.7124-12.6131,92861677123954597,436527104,52,167.7123668230383,-12.613108409621873,56730.84359979117,6,14,18,11,10,21.463499069213867,0.1764329969882965,20.572599411010746,0.0290849991142749,19.93149948120117,0.0284550003707408,19.581199645996094,0.0303680002689361,19.604999542236328,0.2283049970865249,17.953539721844475
PSO J167.7227-12.6119,92861677226846022,436527104,52,167.72266555204928,-12.611944192842651,56602.54057232084,11,16,18,15,12,21.45800018310547,0.1686509996652603,20.10790061950684,0.0344059988856315,18.97130012512207,0.0082539999857544,18.462099075317383,0.0157559998333454,18.21330070495605,0.0180380009114742,18.562892005273174
PSO J167.7442-12.6160,92861677441261178,444915712,53,167.74421072603374,-12.615957272245511,56686.505610787135,3,8,10,6,0,21.619199752807617,0.2373470067977905,21.04949951171875,0.0256849993020296,20.782699584960938,0.0596019998192787,20.482200622558597,0.1984989941120147,-999.0,-999.0,19.87179916348583
PSO J167.3233-12.3612,93161673232766990,436527104,52,167.32325676811942,-12.361200305703887,56237.58461882754,1,8,7,13,9,21.562299728393555,0.1420689970254898,20.46640014648437,0.0397690013051033,19.622699737548828,0.0519619993865489,18.976900100708008,0.0237179994583129,18.66900062561035,0.0515079982578754,14.537185478147979
PSO J167.3233-12.3638,93161673233203873,503635968,60,167.32328740549409,-12.36377699134045,56663.023226362566,5,10,4,10,7,18.553699493408203,0.0172240007668733,18.0221004486084,0.0078769996762275,17.83690071105957,0.0011080000549554,17.715700149536133,0.0050650001503527,17.76959991455078,0.0002589999930933,14.393359505124533
PSO J167.3375-12.3623,93161673375955707,310456320,37,167.33754604,-12.36228579,55271.92440972,1,1,1,1,0,18.607799530029297,0.0333259999752044,19.324199676513672,0.0712179988622665,18.26919937133789,0.033500999212265,20.139799118041992,0.1686789989471435,-999.0,-999.0,14.17524250121518
PSO J167.3439-12.3652,93161673439142182,436527104,52,167.34387665859035,-12.365165753536534,56427.635718426856,8,14,8,15,10,20.888599395751957,0.1124970018863678,19.796300888061523,0.0163979995995759,19.087099075317383,0.0636510029435157,18.76440048217773,0.0216749999672174,18.46109962463379,0.0340539999306201,13.891585433733015
PSO J167.3551-12.3657,93161673551051588,444915712,53,167.3550829640856,-12.365673462433984,56487.115750146935,5,10,14,13,7,19.59149932861328,0.0803409963846206,19.267000198364254,0.0079539995640516,19.068300247192383,0.052021998912096,19.00180053710937,0.0478309988975524,18.830799102783203,0.1505859941244125,13.672338321880117
PSO J167.3576-12.3597,93161673575908684,436527104,52,167.3575605324522,-12.359726962518394,56634.54314000014,8,11,18,14,3,20.316699981689453,0.0630050003528595,20.237199783325195,0.0461839996278286,20.17530059814453,0.0745100006461143,20.21419906616211,0.0610469989478588,21.54840087890625,0.0162540003657341,13.980131249902929
PSO J167.3648-12.3629,93161673648754882,436527104,52,167.36484439964897,-12.362946275637816,56765.71806557213,8,16,12,12,9,18.961200714111328,0.0402650013566017,18.59189987182617,0.0070899999700486,18.44599914550781,0.0063229999504983,18.444900512695312,0.0101020000874996,18.24570083618164,0.0396450012922287,13.69138003884175
PSO J167.3995-12.9181,92491673996068683,436527104,52,167.39955059681182,-12.918067895547846,56630.32354484386,16,17,18,12,12,19.673599243164062,0.0233650002628564,19.086000442504883,0.0127360001206398,18.909299850463867,0.0135819995775818,18.806100845336918,0.0171819999814033,18.77549934387207,0.0505810007452964,19.96256628807773
PSO J167.2924-12.7065,92751672924832713,436527104,52,167.29242378916558,-12.706436688172092,56464.347129930895,11,15,16,17,6,21.037399291992188,0.0612629987299442,20.42849922180176,0.0328599996864795,19.99810028076172,0.0160029996186494,19.684200286865234,0.0415210016071796,19.52790069580078,0.0872180014848709,10.2979925893634
PSO J167.3189-12.7049,92751673189214552,503635968,60,167.31891168663932,-12.70489182335835,56581.76061876753,11,16,20,13,11,19.5177001953125,0.0303000006824731,18.353700637817383,0.0069900001399219,17.6835994720459,0.0059310002252459,17.31679916381836,0.0065770000219345,17.133699417114258,0.015625,9.163925668048565
