id,date,num_x,V_RBT,V_RBT_err,flag_x,R_RBT,R_RBT_err,flag_y,V_JC_PS,V_JC_PS_err,R_JC_PS,R_JC_PS_err,R_JC_RBT_1,V_JC_RBT_1,R_JC_RBT_2,V_JC_RBT_2,R_JC_RBT_3,V_JC_RBT_3
2017-12-08_1,2017-12-08,1,38.098,0.047,OK,38.049,0.054,OK,0.0,0.0,0.0,0.0,0.0,0.0,0.0,0.0,0.0,0.0
2017-12-08_2,2017-12-08,2,37.903,0.027,OK,37.594,0.024,OK,16.93387121124268,0.0070901628473458,16.611486906433107,0.0078815985501842,13.673516800909425,14.044576660107424,16.249287675428747,13.992419970842796,13.03697142857143,22.194114285714253
2017-12-08_3,2017-12-08,3,39.695,0.13,OK,38.926,0.084,OK,18.27946295928955,0.0142660929209047,17.846763305664062,0.0112259503971785,14.994264635330204,15.820691249877932,17.595333530936433,15.784485362317149,13.711828571428573,33.82135238095237
2017-12-08_4,2017-12-08,4,39.148,0.082,OK,38.721,0.065,OK,18.033068951416016,0.0113135835815499,17.705330384826663,0.0087273037438797,14.799970666207884,15.288805646411134,17.392180641788524,15.243712083413648,13.995399999999984,25.962066666666836
2017-12-08_5,2017-12-08,5,37.398,0.043,OK,37.012,0.025,OK,0.0,0.0,0.0,0.0,0.0,0.0,0.0,0.0,0.0,0.0
2017-12-08_6,2017-12-08,6,37.153,0.018,OK,36.821,0.015,OK,16.93387121124268,0.0070901628473458,16.611486906433107,0.0078815985501842,12.900516800909422,13.294576660107424,15.388485893691552,13.118464514272638,12.23111428571428,21.93587619047623
2017-12-08_7,2017-12-08,7,38.448,0.059,OK,38.049,0.047,OK,18.27946295928955,0.0142660929209047,17.846763305664062,0.0112259503971785,14.117264635330201,14.573691249877932,16.61871883160458,14.396852845613367,13.363399999999995,24.663400000000042
2017-12-08_8,2017-12-08,8,38.13,0.043,OK,37.889,0.041,OK,18.033068951416016,0.0113135835815499,17.705330384826663,0.0087273037438797,13.96797066620789,14.270805646411134,16.465677301031295,14.092295602344606,13.429114285714286,20.96720952380954
2017-12-08_9,2017-12-08,9,37.897,0.039,OK,38.543,0.1,OK,0.0,0.0,0.0,0.0,0.0,0.0,0.0,0.0,0.0,0.0
2017-12-08_10,2017-12-08,10,37.845,0.029,OK,37.782,0.035,OK,16.93387121124268,0.0070901628473458,16.611486906433107,0.0078815985501842,13.86151680090942,13.986576660107424,16.458641795696003,13.964566964161278,13.57639999999999,16.87640000000007
2017-12-08_11,2017-12-08,11,39.343,0.098,OK,38.961,0.105,OK,18.27946295928955,0.0142660929209047,17.846763305664062,0.0112259503971785,15.0292646353302,15.468691249877935,17.634309032050016,15.43809783447751,14.299685714285703,25.194923809523942
2017-12-08_12,2017-12-08,12,38.951,0.067,OK,38.973,0.103,OK,18.033068951416016,0.0113135835815499,17.705330384826663,0.0087273037438797,15.051970666207886,15.091805646411132,17.672804249806344,15.087121882968205,14.888828571428565,16.1650190476191
2017-12-08_13,2017-12-08,13,37.606,0.028,OK,38.12,0.071,OK,0.0,0.0,0.0,0.0,0.0,0.0,0.0,0.0,0.0,0.0
2017-12-08_14,2017-12-08,14,37.917,0.028,OK,37.587,0.024,OK,16.93387121124268,0.0070901628473458,16.611486906433107,0.0078815985501842,13.666516800909427,14.058576660107427,16.24149257520603,14.005297476410725,12.999971428571431,22.65711428571427
2017-12-08_15,2017-12-08,15,39.314,0.101,OK,38.835,0.078,OK,18.27946295928955,0.0142660929209047,17.846763305664062,0.0112259503971785,14.903264635330203,15.439691249877932,17.493997228041106,15.388892934700223,14.035114285714284,27.239876190476195
2017-12-08_16,2017-12-08,16,38.973,0.066,OK,38.863,0.079,OK,18.033068951416016,0.0113135835815499,17.705330384826663,0.0087273037438797,14.941970666207887,15.11380564641113,17.550309817735073,15.091482684749941,14.59025714285714,19.009304761904772
2017-12-11_1,2017-12-11,1,37.729,0.022,OK,37.363,0.02,OK,0.0,0.0,0.0,0.0,0.0,0.0,0.0,0.0,0.0,0.0
2017-12-11_2,2017-12-11,2,37.825,0.015,OK,37.563,0.014,OK,16.93387121124268,0.0070901628473458,16.611486906433107,0.0078815985501842,13.642516800909426,13.966576660107428,16.214766517299573,13.909448924072194,13.073114285714285,21.111209523809556
2017-12-11_3,2017-12-11,3,39.131,0.044,OK,38.784,0.042,OK,18.27946295928955,0.0142660929209047,17.846763305664062,0.0112259503971785,14.8522646353302,15.256691249877932,17.437204354989884,15.197714760980851,14.172685714285707,24.234590476190526
2017-12-11_4,2017-12-11,4,38.889,0.037,OK,38.631,0.036,OK,18.033068951416016,0.0113135835815499,17.705330384826663,0.0087273037438797,14.709970666207887,15.029805646411134,17.29195792463931,14.970280012144158,14.146828571428564,22.089685714285796
2017-12-11_5,2017-12-11,5,37.818,0.03,OK,37.436,0.023,OK,0.0,0.0,0.0,0.0,0.0,0.0,0.0,0.0,0.0,0.0
2017-12-11_6,2017-12-11,6,37.874,0.014,OK,37.552,0.014,OK,16.93387121124268,0.0070901628473458,16.611486906433107,0.0078815985501842,13.631516800909424,14.015576660107428,16.20251707409244,13.956685004250367,12.976399999999993,22.44306666666675
2017-12-11_7,2017-12-11,7,39.292,0.054,OK,38.771,0.041,OK,18.27946295928955,0.0142660929209047,17.846763305664062,0.0112259503971785,14.839264635330203,15.417691249877933,17.42272774029055,15.356630128464147,13.911114285714282,28.11587619047623
2017-12-11_8,2017-12-11,8,38.915,0.039,OK,38.542,0.035,OK,18.033068951416016,0.0113135835815499,17.705330384826663,0.0087273037438797,14.620970666207889,15.05580564641113,17.19284879323619,14.982008297222102,13.89354285714286,24.57449523809521
2017-12-11_9,2017-12-11,9,37.744,0.025,OK,37.437,0.023,OK,0.0,0.0,0.0,0.0,0.0,0.0,0.0,0.0,0.0,0.0
2017-12-11_10,2017-12-11,10,37.85,0.015,OK,37.569,0.014,OK,16.93387121124268,0.0070901628473458,16.611486906433107,0.0078815985501842,13.648516800909427,13.991576660107427,16.22144803177619,13.935411062156831,13.05197142857143,21.542447619047618
2017-12-11_11,2017-12-11,11,39.289,0.051,OK,38.775,0.042,OK,18.27946295928955,0.0142660929209047,17.846763305664062,0.0112259503971785,14.8432646353302,15.414691249877933,17.42718208327496,15.354271553853899,13.925114285714278,27.96320952380961
2017-12-11_12,2017-12-11,12,38.824,0.038,OK,38.611,0.035,OK,18.033068951416016,0.0113135835815499,17.705330384826663,0.0087273037438797,14.689970666207884,14.96480564641113,17.269686209717253,14.902072885195373,14.191114285714278,21.062542857142898
2017-12-11_13,2017-12-11,13,37.797,0.03,OK,37.407,0.022,OK,0.0,0.0,0.0,0.0,0.0,0.0,0.0,0.0,0.0,0.0
2017-12-11_14,2017-12-11,14,37.841,0.016,OK,37.515,0.012,OK,16.93387121124268,0.0070901628473458,16.611486906433107,0.0078815985501842,13.594516800909425,13.982576660107426,16.161314401486656,13.917751819395136,12.933685714285712,22.49559047619051
2017-12-11_15,2017-12-11,15,39.145,0.048,OK,38.911,0.045,OK,18.27946295928955,0.0142660929209047,17.846763305664062,0.0112259503971785,14.979264635330203,15.270691249877935,17.578629744744898,15.232080017105574,14.461114285714281,21.83254285714292
2017-12-11_16,2017-12-11,16,39.053,0.046,OK,38.613,0.034,OK,18.033068951416016,0.0113135835815499,17.705330384826663,0.0087273037438797,14.691970666207887,15.193805646411128,17.271913381209462,15.131393597890252,13.86882857142857,26.145019047619016
2017-12-11_17,2017-12-11,17,38.06,0.054,OK,37.366,0.023,OK,0.0,0.0,0.0,0.0,0.0,0.0,0.0,0.0,0.0,0.0
2017-12-11_18,2017-12-11,18,37.89,0.026,OK,37.546,0.014,OK,16.93387121124268,0.0070901628473458,16.611486906433107,0.0078815985501842,13.625516800909423,14.031576660107426,16.19583555961583,13.971722866165734,12.938971428571424,22.929447619047668
2017-12-11_19,2017-12-11,19,39.16,0.083,OK,38.841,0.047,OK,18.27946295928955,0.0142660929209047,17.846763305664062,0.0112259503971785,14.909264635330203,15.285691249877928,17.500678742517724,15.235855072784851,14.26968571428572,23.664923809523735
2017-12-11_20,2017-12-11,20,38.946,0.063,OK,38.602,0.035,OK,18.033068951416016,0.0113135835815499,17.705330384826663,0.0087273037438797,14.680970666207884,15.086805646411129,17.25966393800233,15.022629678068427,13.994971428571422,23.985447619047665
2017-12-11_21,2017-12-11,21,38.1,0.063,OK,37.485,0.019,OK,0.0,0.0,0.0,0.0,0.0,0.0,0.0,0.0,0.0,0.0
2017-12-11_22,2017-12-11,22,37.86,0.038,OK,37.56,0.015,OK,16.93387121124268,0.0070901628473458,16.611486906433107,0.0078815985501842,13.639516800909426,14.001576660107425,16.211425760061267,13.943967855029875,13.015828571428575,21.958685714285675
2017-12-11_23,2017-12-11,23,39.336,0.147,OK,38.676,0.038,OK,18.27946295928955,0.0142660929209047,17.846763305664062,0.0112259503971785,14.744264635330204,15.46169124987793,17.31693709441082,15.38539627545746,13.61754285714286,31.13182857142852
2017-12-11_24,2017-12-11,24,38.948,0.098,OK,38.649,0.039,OK,18.033068951416016,0.0113135835815499,17.705330384826663,0.0087273037438797,14.727970666207888,15.088805646411132,17.31200246806915,15.03216642639805,14.106257142857142,23.025304761904774
2017-12-12_1,2017-12-12,1,37.758,0.027,OK,37.416,0.024,OK,0.0,0.0,0.0,0.0,0.0,0.0,0.0,0.0,0.0,0.0
2017-12-12_2,2017-12-12,2,37.89,0.013,OK,37.612,0.014,OK,16.93387121124268,0.0070901628473458,16.611486906433107,0.0078815985501842,13.691516800909426,14.031576660107426,16.269332218858594,13.982306385096692,13.099257142857144,21.51830476190476
2017-12-12_3,2017-12-12,3,39.217,0.049,OK,38.783,0.036,OK,18.27946295928955,0.0142660929209047,17.846763305664062,0.0112259503971785,14.851264635330203,15.34269124987793,17.43609076924378,15.283554404633406,14.047400000000001,26.1807333333333
2017-12-12_4,2017-12-12,4,38.971,0.035,OK,38.599,0.031,OK,18.033068951416016,0.0113135835815499,17.705330384826663,0.0087273037438797,14.677970666207884,15.111805646411128,17.256323180764024,15.04714860902611,13.951971428571422,24.609114285714302
2017-12-12_5,2017-12-12,5,37.649,0.019,OK,37.451,0.026,OK,0.0,0.0,0.0,0.0,0.0,0.0,0.0,0.0,0.0,0.0
2017-12-12_6,2017-12-12,6,37.865,0.014,OK,37.573,0.013,OK,16.93387121124268,0.0070901628473458,16.611486906433107,0.0078815985501842,13.652516800909424,14.006576660107427,16.225902374760594,13.951052487546583,13.040257142857138,21.792638095238154
2017-12-12_7,2017-12-12,7,39.192,0.043,OK,38.916,0.039,OK,18.27946295928955,0.0142660929209047,17.846763305664062,0.0112259503971785,14.984264635330199,15.317691249877932,17.584197673475405,15.279881798842766,14.406114285714274,22.77754285714295
2017-12-12_8,2017-12-12,8,38.861,0.032,OK,38.645,0.035,OK,18.033068951416016,0.0113135835815499,17.705330384826663,0.0087273037438797,14.72397066620789,15.001805646411128,17.307548125084747,14.944525001008294,14.22082857142858,21.163685714285606
2017-12-12_9,2017-12-12,9,37.652,0.018,OK,37.32,0.018,OK,0.0,0.0,0.0,0.0,0.0,0.0,0.0,0.0,0.0,0.0
2017-12-12_10,2017-12-12,10,37.847,0.013,OK,37.542,0.013,OK,16.93387121124268,0.0070901628473458,16.611486906433107,0.0078815985501842,13.621516800909426,13.988576660107427,16.19138121663142,13.928081440775983,12.990685714285714,22.052590476190495
2017-12-12_11,2017-12-12,11,39.357,0.054,OK,38.773,0.037,OK,18.27946295928955,0.0142660929209047,17.846763305664062,0.0112259503971785,14.841264635330205,15.48269124987793,17.42495491178276,15.421950841159024,13.823114285714292,29.527876190476128
2017-12-12_12,2017-12-12,12,38.961,0.035,OK,38.694,0.037,OK,18.033068951416016,0.0113135835815499,17.705330384826663,0.0087273037438797,14.77297066620789,15.10180564641113,17.36211382664376,15.052382462032796,14.196971428571434,22.354114285714218
2017-12-12_13,2017-12-12,13,37.712,0.021,OK,37.313,0.019,OK,0.0,0.0,0.0,0.0,0.0,0.0,0.0,0.0,0.0,0.0
2017-12-12_14,2017-12-12,14,37.853,0.013,OK,37.562,0.014,OK,16.93387121124268,0.0070901628473458,16.611486906433107,0.0078815985501842,13.641516800909422,13.994576660107427,16.21365293155347,13.937288567724757,13.030685714285703,21.75925714285725
2017-12-12_15,2017-12-12,15,39.305,0.051,OK,38.797,0.042,OK,18.27946295928955,0.0142660929209047,17.846763305664062,0.0112259503971785,14.865264635330199,15.430691249877931,17.45168096968921,15.37379939349755,13.955685714285705,27.85092380952389
2017-12-12_16,2017-12-12,16,38.879,0.034,OK,38.597,0.033,OK,18.033068951416016,0.0113135835815499,17.705330384826663,0.0087273037438797,14.675970666207888,15.019805646411129,17.254096009271823,14.954827896331231,14.07854285714286,22.592828571428516
2017-12-14_1,2017-12-14,1,37.681,0.017,OK,37.301,0.019,OK,0.0,0.0,0.0,0.0,0.0,0.0,0.0,0.0,0.0,0.0
2017-12-14_2,2017-12-14,2,37.913,0.011,OK,37.635,0.012,OK,16.93387121124268,0.0070901628473458,16.611486906433107,0.0078815985501842,13.714516800909422,14.054576660107422,16.294944691018948,14.008994581087784,13.12225714285714,21.541304761904755
2017-12-14_3,2017-12-14,3,39.317,0.039,OK,38.907,0.036,OK,18.27946295928955,0.0142660929209047,17.846763305664062,0.0112259503971785,14.975264635330198,15.442691249877932,17.57417540176048,15.403438591715812,14.205685714285702,25.767590476190577
2017-12-14_4,2017-12-14,4,39.035,0.032,OK,38.696,0.031,OK,18.033068951416016,0.0113135835815499,17.705330384826663,0.0087273037438797,14.774970666207885,15.175805646411128,17.36434099813596,15.126703174727666,14.096114285714282,23.967542857142845
2017-12-14_5,2017-12-14,5,37.612,0.015,OK,37.424,0.012,OK,0.0,0.0,0.0,0.0,0.0,0.0,0.0,0.0,0.0,0.0
2017-12-14_6,2017-12-14,6,37.878,0.011,OK,37.675,0.012,OK,16.93387121124268,0.0070901628473458,16.611486906433107,0.0078815985501842,13.754516800909421,14.019576660107425,16.339488120863045,13.980408834985333,13.26939999999999,19.90273333333342
2017-12-14_7,2017-12-14,7,39.226,0.036,OK,39.029,0.041,OK,18.27946295928955,0.0142660929209047,17.846763305664062,0.0112259503971785,15.097264635330205,15.35169124987793,17.71003286278499,15.332002066103342,14.631971428571436,21.12244761904755
2017-12-14_8,2017-12-14,8,38.933,0.029,OK,38.685,0.03,OK,18.033068951416016,0.0113135835815499,17.705330384826663,0.0087273037438797,14.76397066620789,15.073805646411131,17.352091554928844,15.02293925490585,14.21511428571429,21.91987619047616
2017-12-14_9,2017-12-14,9,37.627,0.016,OK,37.458,0.015,OK,0.0,0.0,0.0,0.0,0.0,0.0,0.0,0.0,0.0,0.0
2017-12-14_10,2017-12-14,10,37.889,0.011,OK,37.677,0.012,OK,16.93387121124268,0.0070901628473458,16.611486906433107,0.0078815985501842,13.756516800909424,14.030576660107428,16.341715292355246,13.991729547680215,13.25854285714285,20.106161904762
2017-12-14_11,2017-12-14,11,39.301,0.039,OK,38.782,0.032,OK,18.27946295928955,0.0142660929209047,17.846763305664062,0.0112259503971785,14.850264635330198,15.426691249877933,17.434977183497676,15.367394048285973,13.924971428571414,28.082114285714425
2017-12-14_12,2017-12-14,12,38.966,0.028,OK,38.779,0.034,OK,18.033068951416016,0.0113135835815499,17.705330384826663,0.0087273037438797,14.85797066620789,15.106805646411132,17.456768615062476,15.071012751565092,14.396257142857147,20.648638095238066
2017-12-14_13,2017-12-14,13,37.608,0.017,OK,37.381,0.022,OK,0.0,0.0,0.0,0.0,0.0,0.0,0.0,0.0,0.0,0.0
2017-12-14_14,2017-12-14,14,37.913,0.012,OK,37.636,0.012,OK,16.93387121124268,0.0070901628473458,16.611486906433107,0.0078815985501842,13.715516800909427,14.054576660107422,16.296058276765052,14.00915493743522,13.124685714285723,21.519923809523696
2017-12-14_15,2017-12-14,15,39.395,0.043,OK,38.966,0.037,OK,18.27946295928955,0.0142660929209047,17.846763305664062,0.0112259503971785,15.034264635330203,15.520691249877935,17.63987696078053,15.490899616214705,14.237542857142852,26.25182857142864
2017-12-14_16,2017-12-14,16,38.933,0.029,OK,38.664,0.029,OK,18.033068951416016,0.0113135835815499,17.705330384826663,0.0087273037438797,14.742970666207889,15.073805646411131,17.32870625426069,15.019571771609634,14.164114285714287,22.36887619047618
2017-12-15_1,2017-12-15,1,37.531,0.012,OK,37.264,0.018,OK,0.0,0.0,0.0,0.0,0.0,0.0,0.0,0.0,0.0,0.0
2017-12-15_2,2017-12-15,2,37.848,0.012,OK,37.543,0.012,OK,16.93387121124268,0.0070901628473458,16.611486906433107,0.0078815985501842,13.622516800909423,13.989576660107424,16.192494802377524,13.929241797123417,12.991685714285712,22.053590476190493
2017-12-15_3,2017-12-15,3,39.229,0.04,OK,38.914,0.037,OK,18.27946295928955,0.0142660929209047,17.846763305664062,0.0112259503971785,14.982264635330203,15.35469124987793,17.581970501983204,15.316561086147885,14.348400000000002,23.648399999999974
2017-12-15_4,2017-12-15,4,38.878,0.03,OK,38.609,0.029,OK,18.033068951416016,0.0113135835815499,17.705330384826663,0.0087273037438797,14.687970666207889,15.018805646411131,17.267459038225052,14.955752172500503,14.109114285714288,22.31387619047618
2017-12-15_5,2017-12-15,5,37.234,0.013,OK,37.233,0.014,OK,0.0,0.0,0.0,0.0,0.0,0.0,0.0,0.0,0.0,0.0
2017-12-15_6,2017-12-15,6,37.85,0.012,OK,37.515,0.01,OK,16.93387121124268,0.0070901628473458,16.611486906433107,0.0078815985501842,13.594516800909425,13.991576660107427,16.161314401486656,13.926751819395136,12.920828571428569,22.69701904761909
2017-12-15_7,2017-12-15,7,39.233,0.037,OK,38.84,0.036,OK,18.27946295928955,0.0142660929209047,17.846763305664062,0.0112259503971785,14.908264635330205,15.358691249877928,17.499565156771627,15.308694716437415,14.162971428571439,25.32011428571417
2017-12-15_8,2017-12-15,8,38.916,0.028,OK,38.605,0.028,OK,18.033068951416016,0.0113135835815499,17.705330384826663,0.0087273037438797,14.683970666207884,15.056805646411128,17.263004695240642,14.993110747110741,14.04511428571428,23.249876190476208
2017-12-15_9,2017-12-15,9,38.228,0.082,OK,37.276,0.015,OK,0.0,0.0,0.0,0.0,0.0,0.0,0.0,0.0,0.0,0.0
2017-12-15_10,2017-12-15,10,38.041,0.055,OK,37.537,0.011,OK,16.93387121124268,0.0070901628473458,16.611486906433107,0.0078815985501842,13.616516800909423,14.182576660107422,16.185813287900906,14.121279659038784,12.7014,26.501399999999972
2017-12-15_11,2017-12-15,11,39.281,0.162,OK,38.781,0.032,OK,18.27946295928955,0.0142660929209047,17.846763305664062,0.0112259503971785,14.8492646353302,15.40669124987793,17.43386359775157,15.347233691938527,13.951114285714281,27.655876190476214
2017-12-15_12,2017-12-15,12,39.243,0.151,OK,38.694,0.03,OK,18.033068951416016,0.0113135835815499,17.705330384826663,0.0087273037438797,14.77297066620789,15.383805646411133,17.36211382664376,15.3343824620328,13.794114285714286,28.66554285714287
2017-12-19_1,2017-12-19,1,37.638,0.016,OK,37.241,0.014,OK,0.0,0.0,0.0,0.0,0.0,0.0,0.0,0.0,0.0,0.0
2017-12-19_2,2017-12-19,2,37.862,0.012,OK,37.539,0.011,OK,16.93387121124268,0.0070901628473458,16.611486906433107,0.0078815985501842,13.618516800909426,14.003576660107427,16.188040459393115,13.942600371733668,12.961971428571427,22.452447619047653
2017-12-19_3,2017-12-19,3,39.319,0.04,OK,38.911,0.038,OK,18.27946295928955,0.0142660929209047,17.846763305664062,0.0112259503971785,14.979264635330203,15.444691249877934,17.578629744744898,15.406080017105573,14.212542857142854,25.726828571428623
2017-12-19_4,2017-12-19,4,38.942,0.029,OK,38.562,0.029,OK,18.033068951416016,0.0113135835815499,17.705330384826663,0.0087273037438797,14.640970666207885,15.082805646411131,17.215120508158233,15.012215424170883,13.903542857142849,24.751161904761982
2017-12-19_5,2017-12-19,5,37.553,0.012,OK,37.238,0.014,OK,0.0,0.0,0.0,0.0,0.0,0.0,0.0,0.0,0.0,0.0
2017-12-19_6,2017-12-19,6,37.889,0.011,OK,37.552,0.012,OK,16.93387121124268,0.0070901628473458,16.611486906433107,0.0078815985501842,13.631516800909424,14.030576660107428,16.20251707409244,13.971685004250368,12.95497142857142,22.778780952381048
2017-12-19_7,2017-12-19,7,39.265,0.037,OK,38.862,0.034,OK,18.27946295928955,0.0142660929209047,17.846763305664062,0.0112259503971785,14.930264635330204,15.390691249877932,17.524064043185877,15.344222556081071,14.170685714285716,25.565923809523802
2017-12-19_8,2017-12-19,8,38.936,0.027,OK,38.59,0.028,OK,18.033068951416016,0.0113135835815499,17.705330384826663,0.0087273037438797,14.66897066620789,15.076805646411131,17.246300909049108,15.010705401899166,13.980114285714292,24.018209523809475
2017-12-19_9,2017-12-19,9,37.605,0.013,OK,37.219,0.012,OK,0.0,0.0,0.0,0.0,0.0,0.0,0.0,0.0,0.0,0.0
2017-12-19_10,2017-12-19,10,37.882,0.011,OK,37.557,0.011,OK,16.93387121124268,0.0070901628473458,16.611486906433107,0.0078815985501842,13.636516800909426,14.023576660107423,16.208085002822962,13.965486785987558,12.977114285714292,22.515209523809453
2017-12-19_11,2017-12-19,11,39.281,0.037,OK,38.842,0.033,OK,18.27946295928955,0.0142660929209047,17.846763305664062,0.0112259503971785,14.9102646353302,15.40669124987793,17.50179232826382,15.357015429132296,14.09925714285714,26.351638095238116
2017-12-19_12,2017-12-19,12,38.948,0.029,OK,38.57,0.027,OK,18.033068951416016,0.0113135835815499,17.705330384826663,0.0087273037438797,14.648970666207887,15.088805646411132,17.22402919412706,15.019498274950394,13.914399999999997,24.714400000000026
2017-12-19_17,2017-12-19,17,37.612,0.012,OK,37.262,0.012,OK,0.0,0.0,0.0,0.0,0.0,0.0,0.0,0.0,0.0,0.0
2017-12-19_18,2017-12-19,18,37.892,0.012,OK,37.601,0.012,OK,16.93387121124268,0.0070901628473458,16.611486906433107,0.0078815985501842,13.680516800909423,14.033576660107428,16.25708277565146,13.982542465274868,13.069685714285704,21.798257142857253
2017-12-19_19,2017-12-19,19,39.294,0.038,OK,38.862,0.036,OK,18.27946295928955,0.0142660929209047,17.846763305664062,0.0112259503971785,14.930264635330204,15.419691249877928,17.524064043185877,15.373222556081068,14.12925714285715,26.214971428571342
2017-12-19_20,2017-12-19,20,38.996,0.028,OK,38.642,0.03,OK,18.033068951416016,0.0113135835815499,17.705330384826663,0.0087273037438797,14.72097066620789,15.136805646411133,17.304207367846434,15.079043931965984,14.020685714285715,24.24925714285715
2017-12-19_21,2017-12-19,21,37.98,0.052,OK,37.34,0.02,OK,0.0,0.0,0.0,0.0,0.0,0.0,0.0,0.0,0.0,0.0
2017-12-19_22,2017-12-19,22,37.793,0.031,OK,37.614,0.013,OK,16.93387121124268,0.0070901628473458,16.611486906433107,0.0078815985501842,13.693516800909421,13.934576660107425,16.271559390350795,13.88562709779157,13.242685714285706,19.30459047619054
2017-12-19_23,2017-12-19,23,39.295,0.121,OK,38.797,0.038,OK,18.27946295928955,0.0142660929209047,17.846763305664062,0.0112259503971785,14.865264635330199,15.420691249877933,17.45168096968921,15.363799393497551,13.969971428571416,27.62711428571441
2017-12-19_24,2017-12-19,24,38.99,0.093,OK,38.692,0.037,OK,18.033068951416016,0.0113135835815499,17.705330384826663,0.0087273037438797,14.770970666207887,15.130805646411133,17.35988665515156,15.08106174933792,14.150685714285709,23.04592380952387
2017-12-20_1,2017-12-20,1,37.653,0.015,OK,37.213,0.01,OK,0.0,0.0,0.0,0.0,0.0,0.0,0.0,0.0,0.0,0.0
2017-12-20_2,2017-12-20,2,37.876,0.011,OK,37.586,0.012,OK,16.93387121124268,0.0070901628473458,16.611486906433107,0.0078815985501842,13.665516800909423,14.017576660107423,16.240378989459927,13.964137120063285,13.056114285714283,21.760876190476193
2017-12-20_3,2017-12-20,3,39.273,0.038,OK,38.84,0.032,OK,18.27946295928955,0.0142660929209047,17.846763305664062,0.0112259503971785,14.908264635330205,15.398691249877935,17.499565156771627,15.348694716437421,14.105828571428573,26.215352380952403
2017-12-20_4,2017-12-20,4,38.673,0.022,OK,38.674,0.029,OK,18.033068951416016,0.0113135835815499,17.705330384826663,0.0087273037438797,14.752970666207887,14.813805646411133,17.339842111721712,14.761175335084026,14.559828571428564,16.33601904761912
2017-12-20_5,2017-12-20,5,37.691,0.013,OK,37.225,0.012,OK,0.0,0.0,0.0,0.0,0.0,0.0,0.0,0.0,0.0,0.0
2017-12-20_6,2017-12-20,6,37.897,0.011,OK,37.588,0.012,OK,16.93387121124268,0.0070901628473458,16.611486906433107,0.0078815985501842,13.667516800909425,14.038576660107424,16.242606160952135,13.985457832758158,13.03097142857143,22.188114285714253
2017-12-20_7,2017-12-20,7,39.262,0.037,OK,38.903,0.038,OK,18.27946295928955,0.0142660929209047,17.846763305664062,0.0112259503971785,14.9712646353302,15.387691249877932,17.56972105877607,15.34779716632606,14.274542857142851,24.622161904761967
2017-12-20_8,2017-12-20,8,38.637,0.022,OK,38.719,0.031,OK,18.033068951416016,0.0113135835815499,17.705330384826663,0.0087273037438797,14.797970666207888,14.777805646411132,17.389953470296323,14.732391370718766,14.720542857142856,14.56816190476191
2017-12-20_9,2017-12-20,9,37.627,0.013,OK,37.204,0.011,OK,0.0,0.0,0.0,0.0,0.0,0.0,0.0,0.0,0.0,0.0
2017-12-20_10,2017-12-20,10,37.91,0.012,OK,37.581,0.012,OK,16.93387121124268,0.0070901628473458,16.611486906433107,0.0078815985501842,13.660516800909427,14.051576660107422,16.23481106072942,13.997335338326089,12.995400000000009,22.628733333333212
2017-12-20_11,2017-12-20,11,39.322,0.039,OK,38.801,0.032,OK,18.27946295928955,0.0142660929209047,17.846763305664062,0.0112259503971785,14.869264635330204,15.447691249877934,17.456135312673627,15.391440818887311,13.941114285714283,28.14587619047623
2017-12-20_12,2017-12-20,12,38.64,0.021,OK,38.585,0.028,OK,18.033068951416016,0.0113135835815499,17.705330384826663,0.0087273037438797,14.663970666207888,14.780805646411132,17.240732980318594,14.713903620161972,14.39082857142857,17.500352380952396
2017-12-21_1,2017-12-21,1,37.612,0.015,OK,37.276,0.016,OK,0.0,0.0,0.0,0.0,0.0,0.0,0.0,0.0,0.0,0.0
2017-12-21_2,2017-12-21,2,37.892,0.011,OK,37.624,0.011,OK,16.93387121124268,0.0070901628473458,16.611486906433107,0.0078815985501842,13.703516800909426,14.033576660107428,16.282695247811823,13.986230661265964,13.125542857142856,21.306495238095277
2017-12-21_3,2017-12-21,3,39.21,0.035,OK,38.93,0.037,OK,18.27946295928955,0.0142660929209047,17.846763305664062,0.0112259503971785,14.998264635330202,15.335691249877932,17.599787873920842,15.300126787706908,14.414399999999995,22.88106666666671
2017-12-21_4,2017-12-21,4,38.885,0.027,OK,38.703,0.028,OK,18.033068951416016,0.0113135835815499,17.705330384826663,0.0087273037438797,14.78197066620789,15.02580564641113,17.372136098358684,14.977825669159742,14.327400000000008,20.46073333333325
2017-12-21_5,2017-12-21,5,37.642,0.016,OK,37.31,0.018,OK,0.0,0.0,0.0,0.0,0.0,0.0,0.0,0.0,0.0,0.0
2017-12-21_6,2017-12-21,6,37.851,0.01,OK,37.618,0.011,OK,16.93387121124268,0.0070901628473458,16.611486906433107,0.0078815985501842,13.697516800909426,13.992576660107424,16.276013733335205,13.944268523181321,13.169542857142861,20.517161904761863
2017-12-21_7,2017-12-21,7,39.273,0.035,OK,38.878,0.034,OK,18.27946295928955,0.0142660929209047,17.846763305664062,0.0112259503971785,14.946264635330202,15.398691249877935,17.541881415123516,15.354788257640095,14.19811428571428,25.402876190476285
2017-12-21_8,2017-12-21,8,38.945,0.029,OK,38.703,0.03,OK,18.033068951416016,0.0113135835815499,17.705330384826663,0.0087273037438797,14.78197066620789,15.085805646411131,17.372136098358684,15.037825669159744,14.241685714285719,21.803590476190443
2017-12-21_9,2017-12-21,9,37.611,0.012,OK,37.274,0.016,OK,0.0,0.0,0.0,0.0,0.0,0.0,0.0,0.0,0.0,0.0
2017-12-21_10,2017-12-21,10,37.866,0.01,OK,37.619,0.012,OK,16.93387121124268,0.0070901628473458,16.611486906433107,0.0078815985501842,13.698516800909424,14.007576660107425,16.27712731908131,13.959428879528765,13.150542857142854,20.831495238095258
2017-12-21_11,2017-12-21,11,39.241,0.037,OK,38.895,0.034,OK,18.27946295928955,0.0142660929209047,17.846763305664062,0.0112259503971785,14.963264635330205,15.366691249877931,17.56081237280726,15.325514315546549,14.285114285714291,24.323209523809474
2017-12-21_12,2017-12-21,12,38.887,0.027,OK,38.611,0.027,OK,18.033068951416016,0.0113135835815499,17.705330384826663,0.0087273037438797,14.689970666207884,15.027805646411132,17.269686209717253,14.965072885195376,14.101114285714274,22.47254285714295
2017-12-21_13,2017-12-21,13,37.645,0.015,OK,37.206,0.01,OK,0.0,0.0,0.0,0.0,0.0,0.0,0.0,0.0,0.0,0.0
2017-12-21_14,2017-12-21,14,37.855,0.011,OK,37.574,0.011,OK,16.93387121124268,0.0070901628473458,16.611486906433107,0.0078815985501842,13.653516800909422,13.996576660107422,16.227015960506698,13.941212843894014,13.056971428571426,21.547447619047613
2017-12-21_15,2017-12-21,15,39.219,0.032,OK,38.807,0.031,OK,18.27946295928955,0.0142660929209047,17.846763305664062,0.0112259503971785,14.875264635330204,15.344691249877933,17.462816827150238,15.28940295697194,14.102828571428573,25.71235238095238
2017-12-21_16,2017-12-21,16,38.98,0.028,OK,38.724,0.03,OK,18.033068951416016,0.0113135835815499,17.705330384826663,0.0087273037438797,14.802970666207884,15.120805646411128,17.39552139902683,15.076193152455957,14.242685714285708,22.137923809523834
2017-12-21_17,2017-12-21,17,38.063,0.058,OK,37.223,0.011,OK,0.0,0.0,0.0,0.0,0.0,0.0,0.0,0.0,0.0,0.0
2017-12-21_18,2017-12-21,18,37.982,0.034,OK,37.576,0.011,OK,16.93387121124268,0.0070901628473458,16.611486906433107,0.0078815985501842,13.655516800909425,14.123576660107425,16.229243131998906,14.068533556588896,12.8804,24.347066666666663
2017-12-21_19,2017-12-21,19,39.33,0.115,OK,38.874,0.037,OK,18.27946295928955,0.0142660929209047,17.846763305664062,0.0112259503971785,14.942264635330204,15.45569124987793,17.537427072139106,15.411146832250338,14.106971428571434,26.76411428571422
2017-12-21_20,2017-12-21,20,39.014,0.087,OK,38.617,0.029,OK,18.033068951416016,0.0113135835815499,17.705330384826663,0.0087273037438797,14.695970666207884,15.154805646411134,17.27636772419387,15.093035023280017,13.93425714285713,25.186638095238237
2017-12-22_1,2017-12-22,1,37.638,0.015,OK,37.241,0.015,OK,0.0,0.0,0.0,0.0,0.0,0.0,0.0,0.0,0.0,0.0
2017-12-22_2,2017-12-22,2,37.857,0.011,OK,37.548,0.012,OK,16.93387121124268,0.0070901628473458,16.611486906433107,0.0078815985501842,13.627516800909426,13.998576660107425,16.19806273110804,13.939043578860613,12.99097142857143,22.148114285714254
2017-12-22_3,2017-12-22,3,39.383,0.043,OK,38.867,0.039,OK,18.27946295928955,0.0142660929209047,17.846763305664062,0.0112259503971785,14.9352646353302,15.508691249877934,17.529631971916384,15.463024337818268,14.01425714285713,28.099971428571568
2017-12-22_4,2017-12-22,4,38.964,0.029,OK,38.633,0.029,OK,18.033068951416016,0.0113135835815499,17.705330384826663,0.0087273037438797,14.71197066620789,15.10480564641113,17.294185096131518,15.045600724839034,14.044542857142863,23.72549523809517
2017-12-22_5,2017-12-22,5,37.686,0.019,OK,37.258,0.017,OK,0.0,0.0,0.0,0.0,0.0,0.0,0.0,0.0,0.0,0.0
2017-12-22_6,2017-12-22,6,37.855,0.011,OK,37.561,0.012,OK,16.93387121124268,0.0070901628473458,16.611486906433107,0.0078815985501842,13.640516800909424,13.996576660107422,16.212539345807365,13.939128211377316,13.025400000000001,21.825399999999952
2017-12-22_7,2017-12-22,7,39.197,0.037,OK,38.853,0.039,OK,18.27946295928955,0.0142660929209047,17.846763305664062,0.0112259503971785,14.921264635330203,15.322691249877934,17.514041771470954,15.274779348954127,14.245971428571426,24.23644761904767
2017-12-22_8,2017-12-22,8,38.983,0.03,OK,38.685,0.031,OK,18.033068951416016,0.0113135835815499,17.705330384826663,0.0087273037438797,14.76397066620789,15.123805646411128,17.352091554928844,15.072939254905847,14.143685714285722,23.038923809523716
2017-12-22_9,2017-12-22,9,37.706,0.022,OK,37.205,0.013,OK,0.0,0.0,0.0,0.0,0.0,0.0,0.0,0.0,0.0,0.0
2017-12-22_10,2017-12-22,10,37.865,0.012,OK,37.601,0.012,OK,16.93387121124268,0.0070901628473458,16.611486906433107,0.0078815985501842,13.680516800909423,14.006576660107427,16.25708277565146,13.955542465274867,13.108257142857134,21.193971428571516
2017-12-22_11,2017-12-22,11,39.326,0.043,OK,38.913,0.039,OK,18.27946295928955,0.0142660929209047,17.846763305664062,0.0112259503971785,14.981264635330199,15.451691249877932,17.580856916237092,15.41340072980045,14.20739999999999,25.84073333333344
2017-12-22_12,2017-12-22,12,38.932,0.029,OK,38.606,0.031,OK,18.033068951416016,0.0113135835815499,17.705330384826663,0.0087273037438797,14.684970666207889,15.072805646411133,17.264118280986747,15.00927110345819,14.024685714285713,23.586590476190512
2017-12-23_1,2017-12-23,1,37.778,0.014,OK,37.411,0.014,OK,0.0,0.0,0.0,0.0,0.0,0.0,0.0,0.0,0.0,0.0
2017-12-23_2,2017-12-23,2,37.966,0.013,OK,37.712,0.012,OK,16.93387121124268,0.0070901628473458,16.611486906433107,0.0078815985501842,13.791516800909427,14.107576660107426,16.380690793468837,14.074342019840572,13.233542857142861,21.08116190476188
2017-12-23_3,2017-12-23,3,39.336,0.042,OK,38.98,0.036,OK,18.27946295928955,0.0142660929209047,17.846763305664062,0.0112259503971785,15.048264635330199,15.46169124987793,17.65546716122596,15.434144605078842,14.355828571428562,24.632019047619103
2017-12-23_4,2017-12-23,4,39.0,0.032,OK,38.812,0.033,OK,18.033068951416016,0.0113135835815499,17.705330384826663,0.0087273037438797,14.890970666207885,15.140805646411131,17.49351694468385,15.11030451103057,14.427828571428563,20.70401904761912
2017-12-23_5,2017-12-23,5,37.806,0.019,OK,37.406,0.016,OK,0.0,0.0,0.0,0.0,0.0,0.0,0.0,0.0,0.0,0.0
2017-12-23_6,2017-12-23,6,37.957,0.014,OK,37.727,0.013,OK,16.93387121124268,0.0070901628473458,16.611486906433107,0.0078815985501842,13.80651680090942,14.098576660107426,16.39739457966037,14.06774736505215,13.28282857142856,20.559019047619156
2017-12-23_7,2017-12-23,7,39.392,0.046,OK,38.997,0.038,OK,18.27946295928955,0.0142660929209047,17.846763305664062,0.0112259503971785,15.065264635330202,15.517691249877934,17.674398118909703,15.492870662985304,14.317114285714279,25.521876190476284
2017-12-23_8,2017-12-23,8,39.041,0.031,OK,38.703,0.029,OK,18.033068951416016,0.0113135835815499,17.705330384826663,0.0087273037438797,14.78197066620789,15.181805646411128,17.372136098358684,15.13382566915974,14.104542857142865,23.95216190476179
2017-12-23_9,2017-12-23,9,37.77,0.016,OK,37.481,0.017,OK,0.0,0.0,0.0,0.0,0.0,0.0,0.0,0.0,0.0,0.0
2017-12-23_10,2017-12-23,10,38.01,0.013,OK,37.74,0.014,OK,16.93387121124268,0.0070901628473458,16.611486906433107,0.0078815985501842,13.819516800909426,14.151576660107423,16.411871194359705,14.122831997568852,13.238685714285719,21.46725714285708
2017-12-23_11,2017-12-23,11,39.413,0.044,OK,38.974,0.039,OK,18.27946295928955,0.0142660929209047,17.846763305664062,0.0112259503971785,15.042264635330199,15.538691249877928,17.648785646749342,15.510182466994209,14.231257142857137,26.483638095238113
2017-12-23_12,2017-12-23,12,39.115,0.033,OK,38.826,0.035,OK,18.033068951416016,0.0113135835815499,17.705330384826663,0.0087273037438797,14.904970666207888,15.255805646411133,17.50910714512929,15.227549499894714,14.297542857142853,22.97849523809529
2017-12-23_13,2017-12-23,13,37.697,0.016,OK,37.257,0.011,OK,0.0,0.0,0.0,0.0,0.0,0.0,0.0,0.0,0.0,0.0
2017-12-23_14,2017-12-23,14,37.873,0.011,OK,37.619,0.011,OK,16.93387121124268,0.0070901628473458,16.611486906433107,0.0078815985501842,13.698516800909424,14.014576660107423,16.27712731908131,13.966428879528763,13.140542857142858,20.988161904761878
2017-12-23_15,2017-12-23,15,39.262,0.037,OK,38.943,0.038,OK,18.27946295928955,0.0142660929209047,17.846763305664062,0.0112259503971785,15.0112646353302,15.387691249877932,17.61426448862017,15.354211420223614,14.371685714285706,23.766923809523888
2017-12-23_16,2017-12-23,16,39.013,0.033,OK,38.616,0.025,OK,18.033068951416016,0.0113135835815499,17.705330384826663,0.0087273037438797,14.694970666207887,15.15380564641113,17.275254138447767,15.091874666932569,13.933257142857142,25.185638095238083
2017-12-23_17,2017-12-23,17,37.918,0.041,OK,37.269,0.013,OK,0.0,0.0,0.0,0.0,0.0,0.0,0.0,0.0,0.0,0.0
2017-12-23_18,2017-12-23,18,37.976,0.028,OK,37.561,0.011,OK,16.93387121124268,0.0070901628473458,16.611486906433107,0.0078815985501842,13.640516800909424,14.117576660107424,16.212539345807365,14.060128211377318,12.852542857142856,24.53349523809524
2017-12-23_19,2017-12-23,19,39.284,0.092,OK,38.881,0.036,OK,18.27946295928955,0.0142660929209047,17.846763305664062,0.0112259503971785,14.949264635330202,15.40969124987793,17.54522217236182,15.366269326682406,14.189685714285714,25.5849238095238
2017-12-23_20,2017-12-23,20,39.09,0.076,OK,38.648,0.026,OK,18.033068951416016,0.0113135835815499,17.705330384826663,0.0087273037438797,14.72697066620789,15.230805646411135,17.310888882323052,15.174006070050616,13.90097142857143,26.224780952380982
2017-12-23_21,2017-12-23,21,38.228,0.065,OK,37.27,0.014,OK,0.0,0.0,0.0,0.0,0.0,0.0,0.0,0.0,0.0,0.0
2017-12-23_22,2017-12-23,22,37.891,0.041,OK,37.615,0.012,OK,16.93387121124268,0.0070901628473458,16.611486906433107,0.0078815985501842,13.694516800909426,14.032576660107424,16.2726729760969,13.983787454139005,13.10511428571429,21.476542857142796
2017-12-23_23,2017-12-23,23,39.178,0.122,OK,38.881,0.038,OK,18.27946295928955,0.0142660929209047,17.846763305664062,0.0112259503971785,14.949264635330202,15.303691249877929,17.54522217236182,15.260269326682405,14.341114285714287,23.212542857142815
2017-12-23_24,2017-12-23,24,38.793,0.08,OK,38.616,0.026,OK,18.033068951416016,0.0113135835815499,17.705330384826663,0.0087273037438797,14.694970666207887,14.93380564641113,17.275254138447767,14.87187466693257,14.247542857142854,20.261828571428584
2017-12-25_1,2017-12-25,1,37.754,0.019,OK,37.245,0.012,OK,0.0,0.0,0.0,0.0,0.0,0.0,0.0,0.0,0.0,0.0
2017-12-25_2,2017-12-25,2,37.969,0.012,OK,37.605,0.011,OK,16.93387121124268,0.0070901628473458,16.611486906433107,0.0078815985501842,13.684516800909421,14.110576660107427,16.26153711863587,14.060183890664625,12.969399999999988,23.436066666666783
2017-12-25_3,2017-12-25,3,39.369,0.042,OK,38.841,0.031,OK,18.27946295928955,0.0142660929209047,17.846763305664062,0.0112259503971785,14.909264635330203,15.494691249877931,17.500678742517724,15.444855072784854,13.971114285714286,28.342542857142853
2017-12-25_4,2017-12-25,4,39.018,0.029,OK,38.768,0.03,OK,18.033068951416016,0.0113135835815499,17.705330384826663,0.0087273037438797,14.846970666207888,15.158805646411132,17.444519171855344,15.121248831743266,14.29525714285714,22.047638095238117
2017-12-25_5,2017-12-25,5,37.779,0.021,OK,37.507,0.021,OK,0.0,0.0,0.0,0.0,0.0,0.0,0.0,0.0,0.0,0.0
2017-12-25_6,2017-12-25,6,37.917,0.01,OK,37.735,0.012,OK,16.93387121124268,0.0070901628473458,16.611486906433107,0.0078815985501842,13.814516800909423,14.058576660107427,16.40630326562919,14.02903021583166,13.359399999999994,19.492733333333405
2017-12-25_7,2017-12-25,7,39.39,0.04,OK,39.05,0.04,OK,18.27946295928955,0.0142660929209047,17.846763305664062,0.0112259503971785,15.118264635330199,15.515691249877932,17.733418163453134,15.49936954939956,14.448685714285704,24.343923809523904
2017-12-25_8,2017-12-25,8,38.957,0.024,OK,38.804,0.033,OK,18.033068951416016,0.0113135835815499,17.705330384826663,0.0087273037438797,14.882970666207889,15.097805646411132,17.48460825871503,15.06602166025106,14.469828571428572,19.912685714285708
2017-12-25_9,2017-12-25,9,37.678,0.021,OK,37.311,0.013,OK,0.0,0.0,0.0,0.0,0.0,0.0,0.0,0.0,0.0,0.0
2017-12-25_10,2017-12-25,10,37.887,0.011,OK,37.61,0.011,OK,16.93387121124268,0.0070901628473458,16.611486906433107,0.0078815985501842,13.689516800909423,14.028576660107426,16.267105047366385,13.978985672401812,13.09868571428571,21.493923809523853
2017-12-25_11,2017-12-25,11,39.336,0.039,OK,38.957,0.035,OK,18.27946295928955,0.0142660929209047,17.846763305664062,0.0112259503971785,15.025264635330203,15.46169124987793,17.629854689065606,15.430456409087753,14.29997142857143,25.123780952380926
2017-12-25_12,2017-12-25,12,39.002,0.029,OK,38.77,0.028,OK,18.033068951416016,0.0113135835815499,17.705330384826663,0.0087273037438797,14.84897066620789,15.142805646411134,17.446746343347552,15.105569544438147,14.32297142857143,21.64678095238096
2017-12-25_13,2017-12-25,13,38.227,0.034,OK,37.521,0.021,OK,0.0,0.0,0.0,0.0,0.0,0.0,0.0,0.0,0.0,0.0
2017-12-25_14,2017-12-25,14,38.165,0.015,OK,37.743,0.012,OK,16.93387121124268,0.0070901628473458,16.611486906433107,0.0078815985501842,13.822516800909426,14.306576660107424,16.415211951598017,14.278313066611169,13.02454285714286,24.87216190476186
2017-12-25_15,2017-12-25,15,39.561,0.052,OK,39.132,0.042,OK,18.27946295928955,0.0142660929209047,17.846763305664062,0.0112259503971785,15.2002646353302,15.686691249877931,17.82473219463353,15.683518769889531,14.403542857142849,26.417828571428636
2017-12-25_16,2017-12-25,16,39.289,0.04,OK,38.849,0.033,OK,18.033068951416016,0.0113135835815499,17.705330384826663,0.0087273037438797,14.927970666207884,15.429805646411133,17.534719617289635,15.405237695885802,14.104828571428559,26.381019047619176
2017-12-25_17,2017-12-25,17,37.938,0.04,OK,37.344,0.016,OK,0.0,0.0,0.0,0.0,0.0,0.0,0.0,0.0,0.0,0.0
2017-12-25_18,2017-12-25,18,37.885,0.025,OK,37.679,0.012,OK,16.93387121124268,0.0070901628473458,16.611486906433107,0.0078815985501842,13.758516800909426,14.026576660107423,16.343942463847455,13.98805026037509,13.269114285714291,19.973876190476126
2017-12-25_19,2017-12-25,19,39.439,0.096,OK,38.959,0.038,OK,18.27946295928955,0.0142660929209047,17.846763305664062,0.0112259503971785,15.027264635330205,15.564691249877932,17.632081860557815,15.533777121782634,14.15768571428572,27.386257142857097
2017-12-25_20,2017-12-25,20,39.023,0.071,OK,38.664,0.03,OK,18.033068951416016,0.0113135835815499,17.705330384826663,0.0087273037438797,14.742970666207889,15.163805646411134,17.32870625426069,15.109571771609637,14.035542857142854,24.38316190476197
2017-12-25_21,2017-12-25,21,38.295,0.066,OK,37.418,0.019,OK,0.0,0.0,0.0,0.0,0.0,0.0,0.0,0.0,0.0,0.0
2017-12-25_22,2017-12-25,22,38.099,0.045,OK,37.655,0.013,OK,16.93387121124268,0.0070901628473458,16.611486906433107,0.0078815985501842,13.734516800909425,14.240576660107422,16.317216405940997,14.198201708036557,12.90511428571429,25.27654285714278
2017-12-25_23,2017-12-25,23,39.79,0.222,OK,38.942,0.038,OK,18.27946295928955,0.0142660929209047,17.846763305664062,0.0112259503971785,15.010264635330202,15.91569124987793,17.61315090287407,15.882051063876169,13.614971428571428,35.60544761904762
2017-12-25_24,2017-12-25,24,39.025,0.107,OK,38.761,0.031,OK,18.033068951416016,0.0113135835815499,17.705330384826663,0.0087273037438797,14.83997066620789,15.16580564641113,17.43672407163263,15.12712633731119,14.268257142857149,22.35397142857136
2017-12-27_1,2017-12-27,1,37.767,0.014,OK,37.277,0.011,OK,0.0,0.0,0.0,0.0,0.0,0.0,0.0,0.0,0.0,0.0
2017-12-27_2,2017-12-27,2,37.857,0.011,OK,37.568,0.011,OK,16.93387121124268,0.0070901628473458,16.611486906433107,0.0078815985501842,13.647516800909422,13.998576660107425,16.22033444603008,13.942250705809386,13.03954285714285,21.72049523809529
2017-12-27_3,2017-12-27,3,39.22,0.033,OK,38.901,0.034,OK,18.27946295928955,0.0142660929209047,17.846763305664062,0.0112259503971785,14.969264635330205,15.34569124987793,17.56749388728387,15.30547645363118,14.329685714285722,23.724923809523737
2017-12-27_4,2017-12-27,4,38.956,0.026,OK,38.615,0.026,OK,18.033068951416016,0.0113135835815499,17.705330384826663,0.0087273037438797,14.693970666207889,15.096805646411134,17.27414055270167,15.034714310585137,14.012257142857141,23.931304761904812
2017-12-27_5,2017-12-27,5,37.708,0.012,OK,37.306,0.016,OK,0.0,0.0,0.0,0.0,0.0,0.0,0.0,0.0,0.0,0.0
2017-12-27_6,2017-12-27,6,37.895,0.012,OK,37.585,0.012,OK,16.93387121124268,0.0070901628473458,16.611486906433107,0.0078815985501842,13.664516800909425,14.036576660107428,16.239265403713823,13.982976763715847,13.026542857142852,22.207495238095312
2017-12-27_7,2017-12-27,7,39.3,0.036,OK,38.818,0.033,OK,18.27946295928955,0.0142660929209047,17.846763305664062,0.0112259503971785,14.8862646353302,15.425691249877929,17.475066270357363,15.372166876793763,14.013828571428567,27.290019047619055
2017-12-27_8,2017-12-27,8,38.94,0.027,OK,38.648,0.027,OK,18.033068951416016,0.0113135835815499,17.705330384826663,0.0087273037438797,14.72697066620789,15.080805646411129,17.310888882323052,15.02400607005061,14.115257142857152,22.867638095238
2017-12-27_9,2017-12-27,9,37.784,0.018,OK,37.335,0.016,OK,0.0,0.0,0.0,0.0,0.0,0.0,0.0,0.0,0.0,0.0
2017-12-27_10,2017-12-27,10,37.86,0.011,OK,37.609,0.011,OK,16.93387121124268,0.0070901628473458,16.611486906433107,0.0078815985501842,13.688516800909426,14.001576660107425,16.26599146162029,13.951825316054375,13.134828571428574,20.91101904761902
2017-12-27_11,2017-12-27,11,39.228,0.035,OK,38.868,0.034,OK,18.27946295928955,0.0142660929209047,17.846763305664062,0.0112259503971785,14.936264635330204,15.353691249877933,17.530745557662488,15.308184694165703,14.238114285714286,24.60954285714287
2017-12-27_12,2017-12-27,12,38.915,0.026,OK,38.726,0.03,OK,18.033068951416016,0.0113135835815499,17.705330384826663,0.0087273037438797,14.804970666207886,15.05580564641113,17.39774857051904,15.011513865150832,14.340399999999995,20.64040000000002
2017-12-27_13,2017-12-27,13,37.748,0.015,OK,37.303,0.012,OK,0.0,0.0,0.0,0.0,0.0,0.0,0.0,0.0,0.0,0.0
2017-12-27_14,2017-12-27,14,37.879,0.011,OK,37.609,0.011,OK,16.93387121124268,0.0070901628473458,16.611486906433107,0.0078815985501842,13.688516800909426,14.020576660107423,16.26599146162029,13.970825316054373,13.107685714285719,21.33625714285708
2017-12-27_15,2017-12-27,15,39.236,0.033,OK,38.967,0.037,OK,18.27946295928955,0.0142660929209047,17.846763305664062,0.0112259503971785,15.0352646353302,15.361691249877929,17.640990546526627,15.332059972562135,14.467114285714285,22.671876190476176
2017-12-27_16,2017-12-27,16,38.983,0.028,OK,38.645,0.029,OK,18.033068951416016,0.0113135835815499,17.705330384826663,0.0087273037438797,14.72397066620789,15.123805646411128,17.307548125084747,15.066525001008294,14.046542857142866,23.89416190476179
2017-12-27_17,2017-12-27,17,37.994,0.041,OK,37.332,0.017,OK,0.0,0.0,0.0,0.0,0.0,0.0,0.0,0.0,0.0,0.0
2017-12-27_18,2017-12-27,18,37.953,0.025,OK,37.595,0.011,OK,16.93387121124268,0.0070901628473458,16.611486906433107,0.0078815985501842,13.674516800909423,14.094576660107428,16.25040126117485,14.042580327190237,12.967971428571419,23.291780952381067
2017-12-27_19,2017-12-27,19,39.345,0.087,OK,38.857,0.034,OK,18.27946295928955,0.0142660929209047,17.846763305664062,0.0112259503971785,14.925264635330201,15.47069124987793,17.518496114455363,15.423420774343874,14.04425714285714,27.463304761904773
2017-12-27_20,2017-12-27,20,39.077,0.068,OK,38.579,0.025,OK,18.033068951416016,0.0113135835815499,17.705330384826663,0.0087273037438797,14.657970666207888,15.21780564641113,17.234051465841983,15.149941482077338,13.75197142857143,27.409114285714253
2017-12-29_1,2017-12-29,1,37.833,0.02,OK,37.441,0.024,OK,0.0,0.0,0.0,0.0,0.0,0.0,0.0,0.0,0.0,0.0
2017-12-29_2,2017-12-29,2,37.908,0.011,OK,37.618,0.014,OK,16.93387121124268,0.0070901628473458,16.611486906433107,0.0078815985501842,13.697516800909426,14.049576660107427,16.276013733335205,14.001268523181324,13.088114285714287,21.792876190476196
2017-12-29_3,2017-12-29,3,39.356,0.039,OK,38.938,0.042,OK,18.27946295928955,0.0142660929209047,17.846763305664062,0.0112259503971785,15.006264635330204,15.481691249877933,17.608696559889662,15.44740963848642,14.225257142857144,25.977638095238106
2017-12-29_4,2017-12-29,4,38.98,0.027,OK,38.71,0.037,OK,18.033068951416016,0.0113135835815499,17.705330384826663,0.0087273037438797,14.788970666207888,15.120805646411128,17.3799311985814,15.073948163591815,14.208685714285718,22.437257142857078
2017-12-29_5,2017-12-29,5,37.84,0.021,OK,37.52,0.028,OK,0.0,0.0,0.0,0.0,0.0,0.0,0.0,0.0,0.0,0.0
2017-12-29_6,2017-12-29,6,37.899,0.011,OK,37.592,0.013,OK,16.93387121124268,0.0070901628473458,16.611486906433107,0.0078815985501842,13.671516800909423,14.040576660107426,16.247060503936538,13.988099258147919,13.037828571428564,22.147352380952448
2017-12-29_7,2017-12-29,7,39.281,0.037,OK,38.881,0.039,OK,18.27946295928955,0.0142660929209047,17.846763305664062,0.0112259503971785,14.949264635330202,15.40669124987793,17.54522217236182,15.363269326682406,14.193971428571428,25.517780952380946
2017-12-29_8,2017-12-29,8,38.96,0.028,OK,38.619,0.033,OK,18.033068951416016,0.0113135835815499,17.705330384826663,0.0087273037438797,14.697970666207887,15.100805646411132,17.27859489568608,15.039355735974894,14.016257142857139,23.93530476190481
2017-12-29_9,2017-12-29,9,37.8,0.015,OK,37.325,0.012,OK,0.0,0.0,0.0,0.0,0.0,0.0,0.0,0.0,0.0,0.0
2017-12-29_10,2017-12-29,10,37.884,0.011,OK,37.602,0.012,OK,16.93387121124268,0.0070901628473458,16.611486906433107,0.0078815985501842,13.68151680090942,14.025576660107426,16.258196361397566,13.974702821622301,13.083542857142845,21.59782857142867
2017-12-29_11,2017-12-29,11,39.338,0.038,OK,38.844,0.036,OK,18.27946295928955,0.0142660929209047,17.846763305664062,0.0112259503971785,14.912264635330203,15.463691249877932,17.50401949975603,15.414336141827178,14.022685714285712,27.584590476190492
2017-12-29_12,2017-12-29,12,38.915,0.027,OK,38.549,0.027,OK,18.033068951416016,0.0113135835815499,17.705330384826663,0.0087273037438797,14.627970666207887,15.05580564641113,17.200643893458906,14.983130791654176,13.910542857142854,24.424828571428584
2017-12-29_13,2017-12-29,13,37.845,0.015,OK,37.34,0.013,OK,0.0,0.0,0.0,0.0,0.0,0.0,0.0,0.0,0.0,0.0
2017-12-29_14,2017-12-29,14,37.884,0.01,OK,37.601,0.011,OK,16.93387121124268,0.0070901628473458,16.611486906433107,0.0078815985501842,13.680516800909423,14.025576660107426,16.25708277565146,13.974542465274865,13.08111428571428,21.619209523809573
2017-12-29_15,2017-12-29,15,39.304,0.036,OK,38.82,0.03,OK,18.27946295928955,0.0142660929209047,17.846763305664062,0.0112259503971785,14.888264635330202,15.429691249877934,17.47729344184957,15.376487589488647,14.012971428571424,27.336780952381012
2017-12-29_16,2017-12-29,16,38.926,0.025,OK,38.721,0.028,OK,18.033068951416016,0.0113135835815499,17.705330384826663,0.0087273037438797,14.799970666207884,15.066805646411133,17.392180641788524,15.021712083413647,14.312542857142843,20.993495238095377
2017-12-29_17,2017-12-29,17,37.91,0.023,OK,37.297,0.011,OK,0.0,0.0,0.0,0.0,0.0,0.0,0.0,0.0,0.0,0.0
2017-12-29_18,2017-12-29,18,37.947,0.016,OK,37.622,0.011,OK,16.93387121124268,0.0070901628473458,16.611486906433107,0.0078815985501842,13.701516800909424,14.088576660107428,16.280468076319615,14.040909948571084,13.042114285714279,22.580209523809607
2017-12-29_19,2017-12-29,19,39.306,0.049,OK,38.653,0.026,OK,18.27946295928955,0.0142660929209047,17.846763305664062,0.0112259503971785,14.7212646353302,15.431691249877929,17.29132462225046,15.35170807946637,13.604542857142855,30.952161904761894
2017-12-29_20,2017-12-29,20,38.948,0.039,OK,38.697,0.031,OK,18.033068951416016,0.0113135835815499,17.705330384826663,0.0087273037438797,14.77597066620789,15.088805646411132,17.365454583882073,15.039863531075113,14.222828571428575,21.999019047619022
