ObjectID,RA,Dec,Brightness,Distance,Velocity,Temperature
1742,278.55459797535127,-50.65496790607584,10.632424748791763,8.385818501671267,,1840.500944456403
1059,186.92951379121035,-31.967141079975555,12.7238439522049,7.458013839281771,129.08297898485887,1960.3169720172564
1286,276.8024816014409,35.86523672267691,15.044945073751748,1.9427650915889292,,924.4916441140134
1958,212.57004711763113,-18.320382031948668,12.238017473997598,4.620778246323627,,500.21972837987556
1488,295.6484325837913,-0.4586877626529713,18.824213043590547,,70.14143967671615,
1825,44.784906134042025,,,5.052653875480709,23.724342089802832,705.6734433966832
1779,321.6622364338096,-51.80141071075274,10.344011860852527,1.7348849601603085,231.75691702204887,977.5130206754491
1792,325.1449662870341,47.56142439389836,13.73083430397068,,82.09013770808934,579.3451712948223
1082,182.4851865623915,-2.3264105286426684,,,,998.1178245263272
1749,77.80336430457514,0.538489185114841,13.037129279397845,,58.88660786600355,
1831,253.52668392459407,-74.55222772690993,18.925753214530253,9.695829065323029,181.1981929933482,1291.2818516587538
1560,120.62976200420212,1.8986055972146403,10.078748593797457,7.368457870791918,119.31530718975138,1319.6525360641363
1557,151.2156699782511,,10.087956820976643,4.6337656858024365,144.66509896866614,1727.4571121604797
1668,132.27655116133204,83.36409104998941,11.85198638804382,1.1132532420268233,139.88832757384844,1460.6582075277117
1213,341.7579746160355,-68.14148882827176,17.478676953433467,,,1579.3299988723081
1988,339.55151426368343,11.03370882732483,19.741703847510813,,98.8204947042186,1768.1080071632623
1922,,76.1694297926403,,6.959658359002839,140.4425157206213,984.2834573020622
1270,195.44459765873452,2.49560477232464,15.235969759255408,,121.34495255893272,
1275,182.76321381889446,72.77045945998944,14.81548383229316,4.999148618559466,188.07049599438406,1984.1669709917492
1483,237.20177722577574,58.49626925097647,11.43835853861458,,135.8889604296483,336.89502241510115
1738,189.65783791630605,-64.61961748859869,100.0,2.097065321393373,77.28700533778468,1840.376802566342
1818,340.4189890618464,,17.90810983148855,6.3740942493686426,5.402512877926613,634.7186126100864
1172,,,,,58.22189144948805,1763.8829932893382
1793,,,15.24544103310949,0.7569150071856618,40.70103111609406,535.7130871736704
1296,129.18825187475716,-28.36149542464733,11.446719275622675,4.814860112599774,53.82933737947695,302.18176375602934
1629,168.8105009524912,-24.537436279374106,10.921851235570422,2.0684550744612835,103.5428444101872,1656.630924230056
1096,52.317349504512386,80.08460186803862,,1.179109107153537,103.77905705720927,1474.9863248587988
1435,119.01109806390113,42.61294919022947,11.471239474769524,3.47289497998138,,582.6356855941065
1263,-1000.0,53.152707708427016,14.44442037555564,7.429557261752851,76.00133964197843,920.8283285821014
1952,228.03454859399997,-70.50137009704311,14.611147148932128,9.571657090341986,155.00660114486018,1365.230770513974
1297,332.0435074957154,,11.535063719309381,3.1019499234651864,86.75206482583478,1573.1477543832796
1082,235.2535774307761,500.0,14.15210647974726,9.494356556747622,,1056.2846275886395
1252,283.6759708918358,20.503872681916064,18.186560798106523,9.478821420858042,,963.8520608014228
1449,,,11.157859431864209,8.322955006642012,2.4256335850383004,1426.1891564818766
1143,163.1428787023223,-15.358132290294947,13.28547798010132,0.8535809745347126,249.39763747793023,465.1799934080942
1435,70.13399596452639,,10.868454014102245,,0.5300029051044652,703.8525375597911
1731,163.43274731899103,,13.100170866577283,,176.9768821233104,1379.672790238818
1041,276.98245995599854,-81.48118313909303,18.63885428367699,1.5797152361823776,245.26403494995168,
1242,250.8948889719024,77.2167002039653,19.00101859201773,1.8218216627646993,78.76066013191212,1973.8885054739294
1908,,4.349486717158086,,,75.47705430516037,482.86258647097196
1316,125.81941538833537,-80.90615759698612,19.982386540852254,,99.28842548754918,281.05674269343297
1187,219.82491020747744,-4.052455021862741,11.89034554390518,6.263804727840021,39.99286072424832,1963.4048293351439
1118,45.8572973510229,-80.220200205307,,3.177964485657795,259.4985332620221,362.304757950188
1260,,-55.23002016870924,,1.0549562432503028,281.8685529054552,1303.3471993106236
1682,-1000.0,-55.234057767935916,,,54.747663351690825,1509.1225992014527
1426,,39.947830051017746,14.959461974150962,7.559479696835797,24.974310204590587,967.6958074520629
1607,63.86282446234626,70.18513926916171,,4.153871190635084,236.46469396440264,993.2325590517696
1211,,,16.77830247785669,2.067845154885126,182.37814584280812,712.5179920387842
1646,168.24114855423673,500.0,17.125851853852144,,,868.276903654755
1299,55.68529943590461,,17.291028582432265,7.525491379514463,260.34161764405616,
1922,,58.355254151751694,,4.486265654613701,74.98912656566252,1925.4618439242413
1002,,8.789562037767126,,,292.59382192836176,1968.6546867972822
1858,245.06786541547845,-7.4891795402630805,,,227.4112002531507,728.2715586283688
1353,252.80749666966167,-51.86322021830341,,3.7479067742132304,118.9999731476951,1766.1140720870458
1179,250.06038668260823,60.80250318364406,,3.8780946868473083,68.87276205351056,
1859,1000.0,2.210313866099625,18.185585897221358,7.944179023686214,244.61978057443073,1370.6245723316997
1601,,,18.678187026102,2.1677122755761,94.16552193639532,1874.613250767945
1699,-1000.0,-16.618670712040995,18.24861386240473,3.88116553680044,200.66559432720342,1570.942212156374
1764,183.1164192703777,86.33151384069933,18.757014765564065,7.312113069675018,31.74441209042841,311.8024137815946
1524,,16.553549033980175,19.73343733905967,8.83603851045122,115.57760136577305,688.6324278394624
1621,208.7837328815256,-10.932283136790787,11.10865852418296,7.730030558071945,276.68957201884143,1171.1800036526538
1696,359.3720041127375,-51.782003719365804,19.12076715835311,100.0,283.14612022922506,583.677443139278
1557,310.85449244409847,,13.002811887591918,,217.34175962027723,1926.2274950580374
1599,289.080028656906,22.737854065365767,11.547412568445711,,277.62449341724556,
1356,7.137307749248918,-500.0,13.968973841106624,2.2216860064704944,,481.39467906651214
1204,302.9588626719487,,11.052582273173279,0.6153451655888152,17.845482213231612,
1043,132.35405205223185,70.3174145513114,19.79740062152421,2.3681101713753883,218.04066291833314,
1405,171.07977726762712,-79.81446264627978,15.179154855655442,-10.0,178.22461875089604,
1869,207.6748293038801,-1.15413513709872,,2.6989215739608254,121.44401800275575,1153.8593074315272
1793,,-47.56082808439262,15.4023175824389,2.5215020574267557,191.77720243301576,463.0054115487239
1272,318.39804464263386,-37.98742476950473,16.3449070397164,6.576451533560088,200.89549418070462,1197.434066980209
1998,2.0763652169064883,0.4242913036974443,16.710703354373166,6.30212754431254,216.1271396681457,1913.010293584616
1219,313.73370526040185,-69.74976336634113,10.093859195018421,,218.31656015117716,
1675,,,13.36226813582323,2.3068928775010016,156.18184181485694,1939.1922759952452
1268,,89.67398632556768,12.904965289769653,,145.84473209096976,1284.8848451210522
1412,213.74499599138272,56.81840939094167,11.766752964345189,,7.181232930227354,
1471,,-37.81565619077533,19.687827016552262,8.464028859890787,166.73520519311,551.886295444107
1381,193.13297595503036,81.4024885632096,,4.16057710757343,243.52946866439683,288.8864890507375
1072,109.31658495798722,-46.52274930994711,19.70228310010982,,48.246928296220446,350.4146839475132
1310,192.17813616894085,-20.291234340776526,,,32.256114969726426,1658.1044735267574
1633,78.92941100988462,,18.622849564836287,5.81349757484722,85.95318785016363,1835.5461137452985
1407,143.9072078672445,29.651924900294375,,3.38517029358218,24.37542162835551,1352.1628508925726
1162,,,11.557301470701606,9.14206696046531,88.1411611939135,
1884,130.45294234281081,,,,62.72610286819159,1163.4131135824168
1899,,13.445344732345276,,2.408795704118294,96.26605596039384,994.6238251756645
1106,130.6326820895013,89.28118505486265,16.14517744201258,9.94190435191989,293.2662998515383,1801.9903519591292
1505,349.7243429040784,-48.8095734250298,,,258.47235122136874,1914.453578777415
1437,22.372603947441377,41.23824056933108,15.588925482149982,4.007961555250921,69.84680029741487,257.8116452894249
1399,,,17.055953597735062,,,1003.2092523543034
1602,267.84735097207306,-49.71016648273438,16.420886346659405,3.0675086940913325,244.61275636351246,1835.705617660921
1986,,-74.35207019661058,19.388025373321952,,272.2326334487147,1097.4399001296465
1214,62.82670307468059,15.546207570879176,19.667424994504913,5.180752721246855,246.0654875914725,1387.1952988571077
1834,-1000.0,-45.86295297596659,-50.0,6.266798979501262,,778.748047440792
1530,98.60890425843165,52.33020289646322,,9.640308652486246,206.92222981402116,287.07930135196193
1538,295.00058171507743,-69.55687542794087,18.460925025260817,4.326650153800536,226.715152865351,834.9581223552336
1501,330.4562444158218,500.0,10.863854564449332,-10.0,104.41167143422895,349.8670714065942
1687,,,16.80620282174651,5.8354234196910975,,1694.1793228841123
1121,73.07115996393563,-54.387940234623585,15.598973037506834,1.2087460678640078,1.9870013036928147,611.7041662491188
1564,,-3.371467197501005,11.628950639199717,9.001599158519783,,486.0174921102432
1017,,,18.377583798474042,,118.88082191892585,727.7613263666804
1546,0.21440090831846614,76.88733563186193,17.654031572028494,,222.0309294886498,1635.1618839346756
1180,150.4081429531075,-29.252526602199318,15.1449739256656,,,1345.7667048759592
1423,181.01349328334814,,,5.98455339679997,5.9387398751962746,1992.4447126471364
1385,353.4967319423011,74.62766475189557,100.0,7.549342716321562,45.7608808953354,322.1087285249356
1752,,63.24504370968128,16.202946069410448,3.1321244996067925,230.0785508566156,1298.3520521544929
1244,95.68269376424726,-79.84485670124175,,6.62050342703119,86.86850276673935,1577.393000480033
1663,17.993458068955217,,,4.029116487603337,286.55698548543427,
1857,,62.36135187382973,11.336215043647295,7.1442127928192765,189.171220791168,553.1128702259261
1288,221.80347835593196,-63.325270104066064,15.157726093998654,6.868353026746482,260.8372729573036,
1691,,-4.269093143016889,17.984044976925865,5.974542242888546,14.307158148508192,
1757,58.03568199747184,6.6834190504788324,,100.0,,999.7863798414185
1003,,-33.211498714178504,17.980794540360215,9.951977755748075,174.34775350405798,1981.431439938703
1304,-1000.0,-88.28715943166645,19.664109331363935,2.6725022894104784,121.25197632775398,914.386271758518
1376,228.82593825493547,-62.65289645664977,17.44584321913299,3.3929466257515957,295.44023309388643,993.0780992170921
1104,,79.58090241223474,12.828892858753788,0.8667575468227655,148.53148978577258,
1193,169.52322914361304,,12.273141799681596,1.1567437502901838,253.59521193008746,1724.5874695544476
1230,,36.86502054858278,14.70378727796638,5.392988395072982,72.56360911094217,1856.1280666482166
1249,,,,2.867869716885923,86.90379696540828,
1207,,-69.22210768797517,100.0,3.2570797707216395,296.93120005250177,289.98591109125283
1669,149.8925291546158,,16.157122417214225,3.0816146173869314,17.662103866530643,1100.4320847042313
1388,211.03225046249955,48.22096451059471,16.53637958773178,4.061533666468045,271.52192762739213,239.10873407318405
1505,311.7448499009195,-0.23904603507254762,16.232083123081175,,19.452023848304034,443.7565261949892
1357,,43.14047872296376,12.99362622651366,9.1865716992113,,829.0041295652281
1987,22.71821946705428,-44.28593112802338,12.666126271860712,8.034754646542062,74.1012455538932,438.27888084731273
1202,101.2164638424025,,,9.870256845139407,,1210.3907102991152
1002,271.54610389848233,8.086021272469964,13.25119869439832,6.191277515511287,,1011.0493914989224
1979,173.87159204229917,-41.198071472240976,10.657065775079763,2.5585232254255725,39.39991339172274,692.2033935672073
1127,,,10.542126653736426,,71.94105837312215,1496.74448862034
1106,70.72462751424543,36.18643654010975,14.750473029104647,5.06030485191933,29.473556935099676,
1218,353.1450180182306,,17.287385808433392,,32.075445982435845,1023.598061525329
1645,87.03948355005002,,,,196.15290280449958,475.3629982695304
1337,185.49054205186118,48.082274634681625,,8.896116182157106,127.28066720107223,223.32943921432107
1942,150.5476111688187,47.09718761752336,,,275.46030074439176,
1513,279.63429716234464,6.35410170736435,,7.242523838493897,261.4035351707596,672.7369760549182
1364,,75.34247162368507,10.464569340966849,0.4821817340272103,132.47766785170376,1562.8105812771976
1313,182.09291985007124,39.46059668811117,,,57.33224996268697,253.57819445544104
1122,,-68.24583943159604,13.411533564768114,,186.56916979259066,343.60675438259653
1616,,10.496345545600306,11.170272378125421,1.5646137009767287,295.137492869154,
1077,332.4074464194474,46.137405728569405,10.059780739293592,4.333574457044188,48.69305804339877,513.6955188268546
1640,,-82.88994868334188,,,79.03727539487491,636.4733561053663
1138,,12.261682404093719,17.711533013372588,,22.89968996684406,
1314,114.4481821828059,-4.629800482072113,14.000050085637472,4.142809175664315,276.439198396994,1874.07733221405
1724,93.77958738219122,50.198052876211875,19.142176547488525,0.3845750349953614,141.01849547082207,942.6400891750806
1030,155.8293030459033,10.487970405448522,100.0,,230.0534129911463,1555.7415278575493
1745,279.78150594922846,41.81013945650338,16.593207426841737,,49.55492182418858,1548.437835529749
1563,78.01002885143187,30.206583226905792,19.502829572745142,9.979440121153322,81.4966376027282,1405.3518106478562
1343,231.1822068310265,-500.0,15.52924999953753,,52.78710845094945,1810.0956647758346
1407,251.88693518663612,-46.152035561728496,18.135705563003093,,244.62473900674206,1513.9741842823025
1401,-1000.0,12.945417495309755,,4.484452991159753,105.48326889570502,1259.8663184024342
1863,12.963646025977024,,,8.922644672999194,213.7840749243636,1441.4164214705315
1180,297.0096125921605,8.47821743290686,10.55689352739347,4.765977214171251,152.57665247192824,432.92181086093035
1244,,84.40598360306845,13.958091588220562,8.275736238730868,242.0259018587869,1786.3040311620387
1286,178.55567584637762,-48.24973801247615,16.5887196820082,9.012719557505628,33.70030540063813,505.2761187757322
1145,132.79724406085396,-74.7961112263287,,0.9320987145869503,205.1133188352236,547.5171588867568
1896,150.80196698558132,60.41576359901333,10.260861283312305,0.27727992645822935,124.15591063877437,667.7148249644163
1893,357.7578546941575,77.81590606225896,15.012744605744745,8.146273151134624,298.13629682732983,
1819,268.0568573287154,-20.680574447112022,16.000844813904536,6.479279260945704,60.84256121691358,1552.7492586903325
1379,2.02254006065973,-82.27442911833701,,2.248528874067766,238.78327877248466,978.9570290641375
1928,83.6205478100628,0.5103958461677536,19.281408582955258,4.789254635664057,131.5768194937608,1405.4879867602851
1458,198.6450604352311,,14.008105903002715,3.620631695801466,106.73362792361586,1599.8658789700376
1634,,85.60376402637655,16.982742234596753,5.281515106028111,153.87518787344834,1405.9318879404511
1470,,-57.76102621950783,14.789474642215232,2.8009060577735196,41.8979193991992,676.0075548772595
1366,319.4846288139344,57.62821417653191,11.837175781073771,,156.20046548011103,1437.226930060039
1273,21.06523191766986,12.920778470753632,11.597261156913222,5.614774686328372,115.9673275951721,606.1146601241908
1636,71.77654431272757,,100.0,1.0682877999729294,189.35911262634698,1728.9119504773385
1875,64.85261441797314,-9.566037788950212,11.457032345129523,1.9200672878276974,148.78550136200164,834.9255319839635
1727,22.88847828737229,-39.96818491296333,10.323967110460416,1.2128882050347527,24.647653414920168,1726.7047084473295
1936,297.71214883129676,-55.86018684477678,15.848231265381024,0.6013105700717896,,1578.1249939514855
1554,,-36.48440416647491,,,283.7196763035646,1562.93554313471
1924,310.8266802098416,-54.900155580536506,15.600443499392593,4.471603248255438,11.076177570114098,1196.0481653114198
1652,83.19529297648361,83.1655124711503,15.741569674901658,5.339445418442833,114.29639144013898,
1065,229.52339173153294,-57.05040889861073,17.97105304544366,9.179723203772431,77.49287824808016,626.1114274320391
1113,30.75259283955487,,14.403119981442046,3.594708660941217,173.5356473872598,1869.514757835599
1290,264.55284407460204,,12.912966051007224,3.542891943842185,231.56661070673383,683.4910161684236
1636,3.863846134951072,34.71269275960903,11.605986889567543,9.783055130950093,290.1129180874727,292.80698248526824
1204,,2.9511323481871443,19.290329971042354,8.464285001850142,217.23936848101656,1364.1993472836498
1202,18.859614300462546,,16.05231672546495,,159.8510370034322,1837.1878090354762
1384,208.9965586668749,63.68556794065694,11.285280957157578,4.175780939075293,251.62146004579733,1247.977469252271
1417,44.98694753428274,77.87696033605567,17.942988516489567,1.3126322020674275,269.72799550671385,598.1454020148636
1319,,58.44901038433858,16.806936632025867,2.5745369683575223,176.4479418648352,530.8447212122574
1011,265.29850664878563,64.11489888510692,,6.5937381915592015,211.31028183671697,1412.3795341728112
1710,65.90187689892535,-1.412975456809022,16.451264827068005,5.744711737578733,93.47662029442793,1942.2159248933476
1686,41.16195280127847,39.71203258225577,11.580474560688481,,,1920.6753323721553
1690,206.65016665739054,-26.46215339688313,13.26995304745358,7.165510094464427,,763.1700283902695
1577,312.2489911530705,-85.93269030003698,14.898196011729343,,185.62939356148124,553.5558636259454
1646,,-74.90092334896073,12.961173276413371,,178.83605161822908,
1685,240.5540515841578,-1.8983557736577836,19.874111795720793,5.785001147221519,0.06900635481122963,1303.457835165436
1053,35.09829878423559,38.38096347777551,-50.0,8.873907979086946,117.75974099950963,
1316,216.51362236715244,-62.85141848074548,13.231298309735545,9.185180808491975,27.21879688486222,1400.1384828685327
1452,1000.0,-40.10193972545597,,1.332951252927345,73.96662977825589,1317.642007148991
1570,6.678080202083079,66.24335020386897,14.898230585651971,4.524390582329428,12.961987978954692,1699.860979756243
1108,92.99123080024532,40.718209366690274,100.0,-10.0,282.43737721032176,671.7057770565918
1307,139.4985683463223,-75.85464572061967,17.262726984544706,,79.71132989676333,277.2426198012002
1456,,,16.723705646323545,-10.0,173.86482769945025,939.1576811719742
1054,255.74097961053752,7.179323016029869,12.347522099111897,5.198228169022905,44.90668388337039,740.8535440481731
1891,180.42898050131612,-37.62067984286669,13.427830876068114,8.533210877188976,170.1462117719964,1477.75183528046
1454,321.958174142102,-71.47305731356344,16.822663281795172,4.528936160487652,228.39053772080044,
1497,328.7390773314892,82.65165734591835,,9.197475985284921,125.52632253814056,963.6648083810129
1560,205.81956234993518,52.997177192903536,16.61717151309712,7.606676917782297,,1631.4359631315351
1343,32.15918171972224,-18.28354244592245,14.549392706694936,7.756126739993918,113.10577804265624,607.2365711030893
1563,296.86032931977593,-57.85634949375422,15.993353969903254,,190.72282274615353,1928.31140059585
1339,139.46321893627572,8.727606760342411,17.323718887277924,,223.7895031457134,536.9036089843678
1101,242.25294413995144,,10.094051621056618,0.17560681848868653,294.9322258205964,1417.830856964518
1440,,,10.00028135579035,,171.30179122085224,1634.5155409481958
1720,37.39196517680075,,12.948158687282856,,119.52003844016068,1912.5565817051588
1297,310.3205176444058,-500.0,15.480435007390781,1.004861033316867,38.492092413413424,275.21955829681553
1840,232.92447461136325,-86.50691901057355,15.763417223834931,3.6437110841092593,240.96712467405195,1459.388254208013
1463,278.13572853472607,-63.41533946920684,16.183884595474098,1.372013987373286,244.32244960301836,1055.8736273401112
1874,,-17.435775708956257,19.72951952004169,2.7637551458621092,250.97951686161647,473.3510139006786
1216,36.17144821392733,-55.84517022601623,16.633646985891563,6.367550178558611,179.8393664126288,852.7753490676005
1940,354.7196981198712,-59.84225177321895,11.347660074124228,3.8269254404828152,33.35386505442413,291.4371252572203
1749,1000.0,-1.4876891867227755,,6.699729546910052,287.98097111631876,763.5740042943369
1122,1000.0,-75.09974677092188,12.371634315950136,8.76688582404903,53.35477441305666,1812.1929961902686
1940,92.19935961116438,-4.175344403800125,-50.0,4.290506368394605,204.6404282338869,520.9377452597895
1322,,-500.0,17.74595619620519,6.8188957844231215,231.52076413183346,585.2486974279183
1049,59.768435492567356,32.135816908347195,11.224711841344623,0.8642379603107064,227.31924014790553,931.3446595246387
1770,67.77614523096338,,,1.4789437754220864,119.64685419907562,1825.3609552512514
1247,330.8570787298827,86.86106503472519,11.373692704414003,3.836523526782894,287.87554558278293,1943.6135392862982
1624,,42.49259930950561,,8.211189715392617,296.7795577647753,332.3708636380002
1192,8.52156761462457,-63.27978762843664,,7.937103503611501,281.3577756355989,1457.730796934042
1422,6.652343976649537,-32.46159696722944,18.150655845419728,0.3515358926086033,26.756345502812483,361.2238187275864
1061,188.02834980192173,-59.587939227382286,18.438527240035043,0.15937894498511268,93.39809660097218,1616.8670926730456
1583,231.99526810771297,-19.477531936661478,11.80867002687732,,247.05136225577564,916.7749722231105
1595,336.78722870795536,30.397308810090138,,9.782793443916924,89.48340426332001,1034.6999510242701
1475,75.02737360424337,63.60999966749333,12.816105453443935,6.44525303927244,181.29119152971157,
1912,249.9295555467268,-6.494967127313089,10.391199828738337,6.27986815595283,104.14010575905687,
1416,327.0923436372428,29.35200842237866,17.319341347424796,8.903372202295998,70.2964943882868,
1131,307.803609585455,,11.105027246051847,9.387635686945238,227.7576203786246,841.4758215769347
1916,,36.74723790886152,18.15362611748398,1.3323834577664697,,1729.1030918706056
1723,294.7811268308215,30.252711997014828,14.435986302963514,7.13481016537434,44.2618388319445,682.0315559737367
1520,34.632957249670596,-3.403084175272369,,8.42205696132501,140.5929868177299,450.4971812688627
1025,28.29641616689131,63.94430656940423,,9.85476759861855,177.82584936452378,
1211,119.49619838205365,,10.11162688804689,3.483949250604599,138.46793088842625,524.9089246321239
1173,326.41290014037173,78.2579132113261,19.19009816637687,6.037512932971765,204.19220628151933,1143.2887178083126
1632,252.7185082892907,76.02187173945123,14.936414752251736,2.4520476627038694,,1989.796719559416
1273,155.7603157402245,31.67560979259747,12.359312035714115,4.604720748533776,263.92251356983047,940.3619570745664
1099,19.124013236530097,-36.501081073548974,15.024039412849849,5.056820982077006,279.06415606031055,1388.385630793443
1815,15.276396230444691,42.10527118096141,12.545660069833758,3.004037337873641,190.24530882233896,1619.7175261992313
1012,290.0422884826402,88.61631818822448,18.39759762117364,5.173202723283819,253.3243573343741,824.5502335096445
1015,31.444134026462848,,15.753881684265075,9.601893327779548,17.32760510870568,425.2821354597952
1107,81.62089436085124,-79.74841771403592,13.424151043520785,3.2125646668091785,98.37057698328007,1584.8442383858371
1357,167.4880866574511,30.730568006917395,11.876927802141804,3.8223475012490677,,
1791,70.33011323053138,,13.982145794043472,2.440208470205745,73.48681843131952,1650.999776586938
1671,,-5.663901703541043,11.058755698778972,0.15962200377263241,162.33359250590476,316.6891713188234
1617,210.9973058658308,-77.88313640893632,-50.0,2.6446534246158118,,1384.483646431053
1303,254.84692118740435,39.962165118533676,15.315312570605409,6.113586287386484,237.73591461044145,1925.8541353838943
1571,182.78240600336437,,14.206641640084726,100.0,144.3781536011571,1791.4087376687069
1870,35.68669496958661,-23.61607811299575,,5.697015832489874,230.70432777751236,790.5947638188782
1137,9.925732119451936,,10.508338290151018,3.169343529883981,111.97941306231627,1826.7493780703542
1252,176.58385345930083,-58.91453605788375,15.748288956964059,4.961459065091953,293.61091491904995,943.0083239785658
1033,65.32154012226295,59.27397106024219,,,150.07006777778068,743.0743318832317
1206,266.0182769790826,-50.248234304503065,15.072829985180558,6.509791213624863,90.5641833307361,622.1290500861081
1646,-1000.0,21.423142357267636,15.967557272695199,9.36952474963082,228.04334206504154,344.2745673509042
1362,58.16595422915369,,19.65765279906154,3.0571726555363945,266.0657786852564,266.93040224684125
1879,125.23383900846814,-85.81396805807401,17.6175516854029,3.117631552783259,130.31823290507953,1321.1989716776675
1958,231.50439433671056,56.18480223813688,17.80716353400709,3.366040331276613,141.42905652500082,909.0305129288437
1160,220.11857300820728,,13.524715472047854,8.542679203857238,90.36969332594931,330.88474289473584
1650,297.7332803995102,76.28168579766728,16.059839497911938,,33.76375576658951,599.3792423362852
1359,238.46454623303353,,15.572390847141808,9.138066421153601,179.6570982724953,1411.6143824659848
1926,,,10.613515271711277,4.466834875882546,70.36962222737729,1474.6500432928747
1676,108.43465108873231,68.9587024583044,11.6101368455138,4.4301014282537015,288.9985965878755,654.2350042080399
1284,,,,2.6421626703397867,24.676740755930016,
1219,186.02529675490504,-17.852056335342496,11.012368547549794,5.497579524286549,218.28740425001655,
1938,,-1.0213755555778476,18.437910510617094,7.950049542951887,179.8129002610542,238.8924273875827
1097,176.67573560704523,,14.31407209870702,,155.4087550181956,1064.5876093737472
1216,261.41221693845824,-74.76848200612888,13.466249212638855,,191.75105043639402,679.0013928500448
1948,234.21196883362722,-67.78924148751948,11.252455839124483,-10.0,64.5504708863462,1815.2889273155572
1740,332.59827762146534,71.81741385469994,14.994328914210147,,211.70062176070013,795.3334161215653
1266,,,12.192704243752566,0.6024006115878889,119.90502834780685,1409.6778251233843
1828,4.4776508912185164,58.684269229714886,10.002040295539992,0.9867382676035829,217.98548050156506,791.1206605162813
1402,336.05141073054125,500.0,11.24450877850268,1.1702249382165857,,1955.3383285047323
1996,209.54496080790997,-87.66873262585634,,,,1737.103850567693
1758,9.186215491293677,-77.69356967760996,13.50975577520755,7.949788887542274,223.3514629930885,1031.1584474022634
1561,41.61476910510892,,19.548089841694384,3.8171167884100425,197.44278739134015,681.1333995892882
1995,71.94429659492424,-49.576965994395415,15.089779900788322,9.588921499416124,276.515996575536,1331.8766422848566
1650,3.5891813923275695,69.94596383790673,17.2597034662483,,19.830932623496377,1585.7469458767157
1476,296.5819985703527,86.55026579754468,18.89775557899029,9.710281185302671,142.20204984636388,1977.8275703124416
1209,209.09977909712532,61.157354160075045,,7.664156993941305,22.896398331289237,626.1165124006066
1698,94.18811473852298,34.59287832820466,,,27.16131384662337,1899.14750724911
1893,356.54143792123335,-41.787002785040535,,1.9979622520020828,242.95857415069565,1931.278447876447
1147,3.6404186219068446,,19.802439217602014,4.2748244442265175,78.31025478852281,1917.7107326644361
1610,,66.53193673925614,17.199736405337568,6.707444933973709,54.47304099254631,348.9317334792632
1825,44.63428924755695,-34.52818651493656,14.802405022224601,,103.81018449358884,1293.4674073303568
1481,,,14.64589272820964,7.6349866605361365,292.70053478799423,1935.7927229206316
1430,38.886135861035335,7.882848232487206,15.997694564714795,9.39284280824884,,221.7389247204733
1415,,46.846065104938674,10.523295345402392,7.918859148924508,180.68388004623904,653.0941512191864
1815,80.56681150056644,-54.96575573159404,16.000761373379294,8.552730939770077,119.09625784401075,870.7231317953859
1383,,-500.0,,-10.0,5.6588771557453015,
1868,173.65736578860478,,19.559466446034566,5.2011212865281475,66.29957152057685,708.889803521362
1679,186.024149898768,0.13927258246404506,,9.91674035912583,293.09579433907135,235.73886360235014
1305,,-17.443980494950182,13.408982198886505,,286.94831285861363,779.1795364286446
1803,265.3937494475014,500.0,15.763414212987225,7.921480326356029,135.50050778339383,602.0987177229466
1908,122.07807106346763,49.24029499136702,12.502194436759456,8.56744070217681,18.60947060334054,1093.7533866899234
1597,83.14870540917083,-31.0652397228313,,9.552275787784776,203.08568917018331,1537.5649920020335
1267,,-3.5538960428723385,16.154223449500357,100.0,208.77661536751887,1905.3590651860522
1455,279.1216441949348,-75.4603231441819,10.601288661271507,1.9262805725395462,159.8995892078362,1686.5646580840178
1866,,-50.509020391168676,19.814207988556255,7.389253015392062,207.08459824250968,711.6712793421352
1443,352.6420389681551,-38.090124845027354,17.451488653971694,7.954348456442397,95.39719101277862,1928.8753947282746
1895,,-75.80846688030215,12.380246769931766,,246.24278861278822,
1324,241.9534576224312,79.56035363310932,18.877166754365106,2.437390326974593,30.44056294987836,1718.7760350554897
1724,,-41.63393931736358,19.602339269543393,1.8365187579031477,167.468168814842,661.3867053964169
1091,,28.860077559018748,17.378484682095817,5.835554534658369,134.953277462973,1182.283146345757
1884,,-54.363285167145726,16.447073170621344,,275.88405890174334,1592.6703217468678
1182,156.60754012080403,,,7.470574837322015,92.51366267220317,
1697,,10.237520536978323,,5.459120990753665,294.589475095539,478.41032383518706
1752,355.04691122363556,40.98873041351354,11.119706679176762,8.09694243148165,277.429841774769,360.9522995617335
1627,,-25.780088216640735,15.041879174074653,4.708528815743894,45.05516439860623,1124.6407179576613
1834,302.4878385046543,8.431570586386599,-50.0,5.478110463649613,155.1041626289373,
1502,320.08491323347806,-85.31795041424161,,9.441884906694083,278.1278683812411,1769.6158180342102
1179,,,12.994863565435105,7.67196184560483,,978.7233142325118
1268,,,14.930043896327813,7.864771020626567,279.8998621408893,1648.8849437131387
1779,294.67488992673566,72.24950132581733,12.33462605761337,100.0,190.355294196963,1513.7867732187087
1175,167.8561736461747,84.397647319658,,3.3274968516160124,272.97123992641355,580.0720875163767
1429,,88.07722609287623,11.226617633372015,,56.20808203036163,1146.4434672820917
1556,237.6840334742505,58.31092227597341,17.45942475582635,,196.54851478421384,1475.2201764432384
1894,,,19.850617883347986,1.1022520279149215,149.1166671700394,1645.5885773831205
1209,32.27110867996461,,10.247201891734008,3.486175184333458,193.93034938634887,1237.8301179072137
1985,56.16466746936026,,10.127491103828158,,149.35253440431373,1404.6011678469984
1321,,-49.63040580474259,12.78957073852514,6.428466636340316,126.55807831558128,973.4778810748423
1007,352.2499157218568,55.64210063083988,12.156807492141617,6.854458111656602,244.79374234975944,1747.3360860274145
1493,81.55834916982491,64.16590670865241,16.54670027068788,7.983130626021579,66.818951851123,250.60998977801316
1598,,79.61993438644512,11.197573039735394,,22.159716320459168,279.63011968641587
1250,336.08380533949656,500.0,12.067896610162105,1.6471703430008346,20.211167925632047,1257.9073908253092
1151,,30.894573397263628,16.682152887903733,-10.0,187.42712611555783,1404.2742344900341
1584,214.34955531748585,,,,181.48501534086037,279.0602535062709
1001,,-76.46476110217621,16.89164137950829,6.866736764027497,284.5936485939174,1533.1618717655974
1693,76.21078254915783,500.0,19.859937327597162,9.802112029768347,298.1312394521862,
1261,81.4419226924717,,10.559901151860354,8.565080351314624,125.33880012654673,929.6290930231979
1117,47.35794356254331,-36.707841661908034,19.300273913551692,6.162008227158864,216.14126893625104,1642.0412051937071
1211,356.24800593658676,-12.920695072698464,17.740816268908738,8.043368814108797,163.37312795530087,
1701,50.1295037716589,,12.312846293366018,,106.45301241521395,1469.112042301568
1607,158.5930604610596,-25.746758217321414,100.0,,146.31793538274218,1934.960402989929
1770,148.27063658498665,-48.030192639756955,,-10.0,25.878494455426303,1423.0841417474003
1791,314.9545815666485,,16.58467197651786,2.3468476081492877,,1544.8752997579904
1958,,-42.03716513841724,12.755072975809114,0.37188974714586864,275.48597572256153,1431.997650641263
1779,97.93495421294955,,-50.0,4.126052205360957,21.445639903888747,
1999,1000.0,,19.319635981354867,5.5208717805664955,14.048548251065384,287.16780925332785
1104,212.60500905885675,-63.160963432938914,100.0,3.179557714143175,233.3572210221749,334.8699663137167
1418,95.34246962530875,,18.09194387189042,4.511971433871427,194.29136887737982,1135.579268998679
1700,205.40799074933682,53.00879030647738,10.726115184221847,7.4641091631569765,38.258722956607784,
1534,,60.49420365264251,17.333726432917867,1.0420026818182337,265.6325633313147,
1482,,,19.105786799444246,6.750159877220713,217.3572391606547,
1859,199.7627458579671,85.56683928464918,12.180194232188136,100.0,274.1059741229732,1365.908198049005
1978,254.04240526720884,,14.321154141505108,1.7413274660092504,142.35263902175896,773.3741626695065
1088,222.34352969567087,27.50294356315996,,5.588634213010254,,755.4832142762689
1645,78.8621137276681,0.09533398928782333,10.79531544186383,2.5443044227177802,188.2146199483111,1503.7641127583136
1452,324.4501902292612,18.011275612368536,16.64424112550103,2.273848753182368,62.938728383739175,742.8039448454535
1571,216.3825025294198,,19.298460954662247,8.152173897283307,121.61762386716477,975.0507232390147
1704,38.75277790151528,61.15476237274132,12.070816197892338,2.1442696370749657,276.97348304649574,1862.467046174113
1605,-1000.0,-1.040258852370357,11.92065020755311,,81.82813303644356,767.2843419183997
1047,238.49753954239202,73.35072088087938,14.318918482533364,100.0,291.7024724717423,1710.9403845347224
1390,66.36781746736501,500.0,19.317723667715896,2.582690463363418,122.93336876079917,1791.6914839832045
1022,118.34882207413168,,11.693248493815354,6.3238583061709415,136.17133033851542,724.8741409888397
1859,60.77634356570104,-30.484425526170227,18.22976532097629,9.148421778541417,202.78685598726798,1529.042702440015
1194,27.048312022976035,-500.0,18.61178676963693,8.988160269174703,158.64968250199865,239.39535292649953
1141,56.347833532297656,-65.62307611435219,100.0,,207.6440818916136,986.4339107309901
1360,,-8.443300912004588,,,136.0357540322647,780.2004691720257
1772,82.111873430453,40.050550503724224,12.680986025137969,1.9601159619029087,59.434683783937146,
1609,260.7928405923038,-19.76674643392795,,5.462498450425058,144.58302136887994,1898.4831370159297
1296,,,18.369380530545286,,,894.4569858892146
1166,210.1346649204826,-47.12784175623038,16.199216400048876,,8.16665508853709,846.2394115194763
1868,,-12.22750171409362,10.960328789275556,2.136279255537573,22.627373803051665,392.50370545087026
1348,184.77764761058592,42.29674147137328,10.59697532886343,,26.269518591072448,720.0350888159504
1214,76.96664330316328,60.23032980464038,14.322860887131629,3.3906965443453756,244.02625368399376,294.47289499508463
1574,215.22125604053426,,14.752394593942581,,166.72814936077623,
1987,306.22834452379357,51.570050733723036,16.993301722772394,2.317644950972564,78.58742272867183,1340.5450788025546
1405,177.82599453589137,-47.055591573308135,14.52864094343664,,125.1490299296378,545.0467773159241
1175,29.245976494838292,68.10967082395581,13.76798475266493,3.9300875249012175,267.94228827965577,418.60169259315006
1593,,,10.803839213862467,7.819946101679513,116.76742066223662,1929.4185264284295
1288,73.27251440833909,10.567430017822446,15.366766926294524,,178.53519433967128,1536.8265382225898
1467,24.28945535780755,79.25196686244874,12.276556649067768,5.055331720685743,274.3451237624553,638.0972460401163
1982,192.75313098984662,,,5.898587251956772,185.2781622375985,613.8999674627414
1712,47.540501033634996,2.9152839026393735,,6.094258842095593,253.29669456614664,909.5356560248792
1098,108.1734560462227,,15.754071138820947,,,1467.7911430308668
1329,78.48523281654118,-45.65233417962259,11.459525672946048,9.571986894418004,171.27013570963038,
1431,140.87988946808537,,11.479397389322473,4.06577410732601,154.50484341689017,1195.6215101555306
1755,,-23.22981663572014,14.0168125640907,,,931.555895241158
1098,174.86678318253533,65.43329417083316,,2.901886690644756,76.34416499503244,410.56382341636123
1388,357.5098756966534,-78.29022618383947,11.427071675504271,3.8776595421174638,156.05756864172832,1996.746116449763
1034,280.9157375229545,-1.7453388326623696,15.878427022391904,100.0,23.976979153239185,409.07814360906525
1529,341.81162735452,-26.128480903268354,19.433618086482745,8.823332972181035,133.45019964692324,
1967,64.23045337197372,-10.910733967175531,100.0,7.302197808843335,299.7485470067687,
1537,272.5319490783936,15.8922032221529,16.598161701681775,6.46243590053188,89.11142626859404,1330.711525284557
1090,148.47938610848675,73.72732359528646,14.8953041738114,8.675535060109272,12.298512756951329,793.966684976798
1819,200.18217677424528,,14.269607444203785,,248.95235441339543,349.7062971819154
1507,71.62979301548204,74.82283312260265,17.795995305391372,5.410163152604661,194.7642072074527,1652.4649662901297
1575,254.91184765842533,19.966988754636958,12.130832337042868,0.5232768725473602,203.55130599373513,1301.669546765786
1235,3.596293012340648,-14.031042264272969,17.3945337784943,0.17914519072541146,163.97406809205705,1684.2440178141792
1736,37.29515236096277,500.0,18.464137510083564,100.0,230.8616272360866,
1122,267.7335897847006,85.03778965454345,13.10581996270162,2.7920874144237438,195.03968526540106,1438.6015344951677
1434,35.97590772820739,500.0,12.95366569779436,,,1676.2718497729263
1347,313.03372676589237,-20.182065284063583,,9.040012572442523,105.35358525043466,1972.6798567631072
1746,93.30553519063703,-3.106465583205619,15.462836045251121,,200.64348098116832,
1862,90.6351032057278,39.46073661974083,11.0290027835751,1.9815289157058513,135.5934383262933,1151.850395028663
1368,197.38809365602657,-500.0,17.056019595724344,,,1448.0029119584426
1990,238.51783604195532,-85.11190084727262,17.090272391501387,2.957657357642646,79.9679683791451,1982.5165651615764
1697,,76.16211767399969,18.713583021433017,8.502048286384243,64.28601789984502,635.3976413266303
1301,101.98188244813244,70.6833520678168,12.879330627273099,8.933862288241794,297.7498073797921,850.8867245827913
1327,75.71374374922557,,16.078784102403162,8.912891746095152,145.01394394349754,242.81881690112328
1957,292.49582223202754,1.8254662746506511,,6.412987609946514,89.01821942211652,1038.4382901971612
1682,,,11.016091621423278,7.293546496482306,231.64165835150996,1173.8116716257466
1136,39.75581757400119,-19.579513653877783,17.361681097162727,7.130195995527338,264.00587357398865,500.6491356835284
1948,219.19642271435475,-40.921295459123726,-50.0,,,1043.4865021914445
1697,,,15.847572134289736,100.0,5.393401720089286,350.95943596569293
1148,98.3065971603418,26.73955917275174,12.447292890398245,4.8348932738362995,77.97619747359379,1270.0941546162974
1949,166.99944536239263,,19.5759738763576,,248.23143485260596,1271.2670382297936
1585,301.40526231454277,,11.355973992455933,2.652697761034418,127.70769106444727,804.1603942241272
1070,169.14672858978477,16.06289544791926,16.582924840529266,4.251902642294314,275.45497120165817,
1198,320.9232355644945,16.09884860931676,100.0,,124.33099569671461,
1140,254.9767099307531,-74.98776440361418,,5.06289860835646,,
1918,185.51114616920415,9.172967653436217,15.600324103897265,3.7837712996167436,219.12760380943303,1751.9658665262018
1480,345.8001934176861,-11.559246440963705,14.96637953443996,,125.00138043442706,456.64052221480244
1456,331.2768836139686,-59.60160324421623,18.98461311664382,,227.763186227546,1326.9144930292416
1265,95.37710810598301,,16.84697034729847,9.046836706166983,27.002433003297355,1048.423105206116
1485,70.22954120887046,-15.18687452865342,16.950618524565808,,40.37216785545793,241.88074318647034
1953,66.72678445845968,83.77989766483893,12.932448956159783,6.361381138266116,22.841944670721603,612.8453042965931
1886,,-41.972041092156985,11.02681546773571,9.911887748351408,52.81219557548547,1767.328387788863
1263,293.51507412694576,,17.898788286610703,8.120310212564755,136.98940757840288,
1119,344.38636047189414,69.10822140138853,15.681010185259538,3.9583524019221272,123.92087618648158,1454.1025358467875
1837,241.03504514837718,,17.321818905742443,3.7974964925498984,38.765227449446506,1190.4981877994842
1281,275.73247143557035,-24.349178481701642,15.264219371034208,,265.40398455428743,1997.1171845912363
1932,336.4575602611281,-78.74025742168863,16.40439651484758,,219.1827878162557,1092.3515813752704
1783,31.75983014351859,,12.405959621385541,1.8561211369213817,51.59400673230652,
1108,255.5538226066296,27.4992608461352,18.770583622437805,8.639397985886696,5.728164850298201,1345.676176832541
1625,158.64450922690534,-80.15996503479658,10.653222362339642,9.838618155769625,194.9164051392913,790.2548900754399
1582,,86.76251073171986,19.9600909716669,0.147951212263477,206.23809722306066,1094.5254162503527
1198,,79.85492145097231,16.65353043844761,2.700431861887125,131.24341368737274,614.4934078130801
1556,,37.110344048735655,11.739906215623497,4.636788815362662,171.42068453706048,560.4782605066837
1388,154.94103248885176,,11.270078856294564,0.22974986392877053,172.08229271482733,214.11788867407608
1527,225.0233003000971,-500.0,11.01801547228646,,139.46732203812834,1984.4560569149164
1316,105.9444954098996,24.673418990792186,18.69839392095855,,26.051485097894854,
1139,335.311905331357,,13.103258481006455,6.189987417086339,201.06765785605413,600.1562669638774
1588,184.17638526746714,48.782205021915814,19.96930927030464,4.2998685498029365,259.91155665268604,1976.0256303251274
1002,19.35374679205504,-24.612446032226302,16.97743911646043,3.1666692935179945,19.18003768919795,1503.1220883303731
1250,303.38747936302116,-19.803188400833008,11.409958771920204,2.0019153443976085,172.51585773225298,1136.6396072374241
1765,330.4177708803145,,14.662266746708294,5.824348796910039,246.8588115846889,1422.561171181833
1930,,81.7351148798071,,5.640702025722857,288.97159353552644,1230.3411587740375
1214,26.23228317622038,42.04500393667146,10.288633581066097,,180.47809101764207,799.8311710556948
1013,34.08505464168825,67.0711912661684,,5.925860578333634,175.90591861660582,381.01523321418654
1680,,,16.58222640692306,8.927119991898167,36.54490029571424,1749.6730253280043
1914,-1000.0,,10.269289475241912,4.60114550764934,50.4374941633037,1936.8340303744437
1916,355.2056204727412,-41.9159129716723,18.038557857093867,9.807272416699586,289.60236040051393,
1543,197.66168582279394,-54.63723452419027,16.561510770302228,9.402058875187098,97.89469388505022,1739.3410961262723
1192,308.3182310386644,-36.97721909152004,17.726544077970775,8.252220599647421,189.8918305839421,
1963,31.54344870485368,-9.443987681768277,12.998687489987539,0.8339168759210439,0.0972342738269405,
1434,103.45788422254621,-39.76306484704206,17.56731284310751,0.5596851176734634,182.2989683509091,
1805,55.82112637282327,33.1082748673452,-50.0,0.9393920582818418,59.17777454440627,426.9234648772093
1254,,,13.121271922880952,6.493680354416765,,373.5462365674269
1526,,,14.829360498316591,6.945925413434451,13.454439560897525,1173.8466171038406
1101,154.2277194828377,10.978868610692771,18.425976641865084,,155.81895635353078,622.1013928318531
1049,356.0177234044874,36.691092620463436,16.397856951173164,,1.7271837311946148,1740.3058464494106
1936,55.857370280542014,-9.90674896796736,,8.410626840792338,257.0577724622432,605.575031061056
1543,,,12.699358296950662,,124.74981921655647,
1755,162.06054836500184,61.65654399045178,13.252164666151655,4.406202571778767,7.191799968883384,
1982,106.31197034355849,60.51300892167524,,,161.7984634132066,410.53741954824955
1310,4.924272430830059,-67.92371350408168,12.887195897650745,6.5285220523718,234.0522562851072,1383.890006914121
1193,67.82696719405334,-19.430714375577864,-50.0,0.3534327038839734,263.5858066865302,1987.3804733100012
1676,174.38877748125086,75.74892357446745,100.0,3.470228116164088,54.24559245901587,1040.2354281119563
1353,130.46816459734333,3.038403245587773,,3.0098077336089726,257.61750085643587,
1953,70.50682157797851,79.4038856361382,100.0,1.9821857152120403,152.02550249645796,1578.8258642253363
1521,190.6237926512979,-58.987816263513245,,4.436751904294519,37.958454931867315,
1165,,22.053516527842604,100.0,5.410292548076888,,1009.8974310433291
1687,262.68973786474356,22.047850774371923,19.324716979055054,1.8488512499691274,166.6476138865328,706.8241471448048
1134,66.2499738408026,,10.70129990167988,9.319940771755437,16.050949107197766,255.45474951271768
1163,241.16411428167254,66.38904444973608,,9.463283669735457,191.30950294842307,1472.2019679483683
1761,190.69150081238863,,10.15752639858356,2.1077485337721664,217.70825986918442,
1220,,500.0,11.415117082391577,,105.32494355553712,492.85984723810896
1969,114.78387752229608,89.62157807818693,19.271573109746996,7.25946405817292,220.25537604248063,1412.1462096869134
1968,70.72305671511562,69.5694729213709,18.395617847574794,0.40136937405142936,95.24648775736757,698.5142385577551
1062,82.229956233135,22.15925940448915,100.0,7.145858198575797,96.09132955204343,1357.6596017756826
1733,,15.387396130620843,19.60966067368752,5.820907453603853,121.73304361456469,
1146,79.71297172049773,-31.253883850475077,11.401575059685545,1.62591290168826,240.32086563927578,1864.6399586648613
1899,60.403326922544345,-75.18270798480609,12.087611683800922,3.50499467598075,,1662.3231383291215
1176,75.82100547018263,85.32230631689782,15.70804885424791,100.0,,
1101,,-5.513364453122733,14.699408823475743,2.7782076373617417,268.3066603492916,967.1353979749858
1873,313.37370778244764,15.733880707937416,18.6773823651587,4.72672282246972,222.4054711163305,628.8366140228302
1559,226.44080633660258,-16.281245402823927,14.4164777159354,,66.8644475726828,1259.6195003053626
1190,84.3547834890148,89.50701940137577,,6.951336675276824,8.595784940456685,1460.5135946590874
1257,,58.06983413153969,17.664240560848263,2.802121241664712,194.98423167918511,934.5170326281014
1622,323.0072734642328,,10.994713147866731,8.945665248568778,,466.99088869800806
1035,16.413087603100465,-66.0399493565142,15.797966018041903,9.824671398427906,119.40568942013375,778.6836374301251
1668,67.87187807327581,,13.132901164469466,6.109914296200013,84.64137649816449,808.8296966308576
1456,235.3602711035041,55.88944041033247,13.261470867874147,2.374832650842097,102.08459867145855,1821.2306516101792
1430,279.8304170615515,20.862519169955732,15.705817685208219,8.37527456813142,128.8841048802977,1814.249929776425
1087,274.7154572078056,29.576938537785935,14.408352828702252,3.5677137282152023,286.5692732638081,1103.3305138404578
1317,260.3803704313191,,,1.8063247919430425,68.46248225925254,902.8724778518516
1966,181.68818144975745,54.73193744209169,15.761587137014496,5.068675807059484,8.242578634329888,408.73551676873035
1445,165.95420699319462,-15.30561436043277,18.735170413903013,3.4118246196616613,,1767.4322845214974
1495,64.21399825617961,-46.20081686074499,11.50789753330937,,48.44605293353189,1043.036409220123
1886,138.54289551411796,,,,80.99307700314556,1411.651699798467
1537,299.07966213289814,4.470878307372416,100.0,,277.21860744877364,307.4505911725488
1684,,28.500233825252337,,7.794799086815834,,534.1495216155035
1284,,3.662624002201241,13.710443215371457,,83.40756381775707,1729.8745942677792
1378,,67.99129839265453,15.065066726339191,8.316089978998786,248.70148970890426,1459.0952482482917
1206,55.24633258569072,6.446395224251745,11.86168104206984,5.260770678173512,,298.3787115353011
1951,114.97173564959276,-32.53679854196187,17.69979811111263,,226.82600267219019,757.0187626852124
1355,131.36331160277865,500.0,12.61901374638231,,161.47105187648677,
1925,177.7823385987711,,15.095843590574317,1.5768477078250402,80.58012617473878,1137.2382358066475
1324,,8.51873227608759,,1.2528935167794615,149.0032322057972,1807.8759602694968
1192,313.50836433249845,-71.24182943989342,13.037624944033626,7.390891910476041,223.17208528129558,1866.2940425302438
1206,33.86927538967864,,18.05700809930539,1.5484313727462968,132.99865063377965,1535.6209776036296
1276,94.11674510132654,,15.021567508824788,9.207056068531628,224.16914164908601,969.6236031313582
1916,,2.151812285564759,10.912162974028053,,46.38890404868305,
1046,234.72938158497084,-29.052637204917886,16.777487230878165,8.870394626291153,156.6934474010477,553.0873516284241
1557,314.1508738812998,-57.66489939595812,10.087766757291032,6.616798717515799,205.09106158094957,1535.6292065187413
1586,195.2349546921424,,12.142095291960576,,275.47389897953434,
1398,155.532826678754,54.75786382399056,11.04394763170027,2.230038936899291,97.61555662276432,507.5054995294735
1159,,,,3.0902790325178033,157.7518289540031,1766.5682192670347
1504,74.39348676193879,,,3.6889781101396695,95.6188884248545,1512.6302891309247
1067,,,11.870497985304516,5.115128728930278,132.8913178142797,463.57319200866806
1755,1000.0,,15.93701754273857,9.655752701546291,237.62009780448548,418.0933938257905
1359,,,11.864848757153895,1.4584707488226225,,1326.3328509738171
1057,,68.08601844830375,12.571042364710685,3.630541446215069,,1776.7091300492223
1641,351.33538171075134,-65.43009279461464,16.423896741283848,0.45281145714987814,274.3407837417357,886.6762071543536
1497,,,10.851139885524411,,268.91515556972934,990.4836678412045
1456,220.36066186171294,-3.9126003526007196,13.946526477878548,1.0939701399970467,207.54077179678342,1992.6480386377184
1669,166.9715840075782,36.92358152517653,-50.0,9.38983350239531,14.060835992555464,364.0693654478617
1497,229.1515743458498,-500.0,18.089218002024523,5.667385657462582,,1928.1725764647533
1525,223.049844455192,-500.0,11.116058492246161,,234.66699013708535,549.4144125000788
1270,302.81410264339667,80.82480026973724,13.954295974391863,9.731795024338206,225.79864098501602,299.6895414789485
1141,152.23359096797014,-500.0,10.693918030847016,4.385648232362969,271.4297996487889,1207.0295537766974
1255,149.1398008791611,72.7035508507534,14.29192133391787,7.450441735362078,152.30875742642067,351.42088642190305
1601,1000.0,63.87051679574844,19.81476877868819,6.706280548013674,93.22325938689987,
1263,88.8536737724709,38.67484836524321,19.50979573584429,,,358.04065109128186
1207,358.2893274449362,-35.332301282219404,12.413692421237988,5.15247955713916,141.89408026581046,826.0624638987096
1229,1000.0,78.7878286602542,,1.249220136910302,4.052538068775102,1633.2456561318227
1830,244.7633303306857,,16.882112833158892,8.60056653101351,146.7370949317283,304.0521534067703
1741,-1000.0,88.75398521367293,14.35188538920149,4.582040855583671,125.28861484490812,1942.990605949251
1542,239.68420051635712,-46.02089947142253,11.810081232897312,,274.9728747720313,
1281,,53.461881214321295,,9.221210792482115,106.99950343397072,1166.94613926912
1026,271.4218643301309,,18.89111307439375,,150.70731490152664,
1822,100.53580251966584,76.61035984199546,16.298859523946632,5.305707522189156,23.925896318435335,
1912,130.07547416133824,62.6555248580805,19.33775165985066,6.358092308300244,185.46291100718878,1678.4612135713535
1665,45.78332087004491,40.58744236284582,14.119526503900083,,155.21262849303162,936.5056415484011
1503,230.2359006479145,500.0,11.879710078662328,5.336628283097936,,1234.6083356754482
1210,226.6838987945244,64.04381564386608,15.380815021224663,8.168985015834252,250.4722098524269,1302.0229127189555
1968,293.88861896207743,,19.098121137895877,,0.3541218824215764,448.50327320960065
1297,145.5968488680849,-17.411904177454517,19.294990194233925,,12.80966103930764,
1511,,,17.75664630285167,7.690149904065827,84.78051099121636,591.3653999006015
1989,,-32.22357140496217,16.337543549117967,,182.08142948022774,
1573,,44.53347515477847,11.810556625550491,,62.22833176147316,1461.4280709116947
1605,184.74890260320063,-63.10903264872737,14.396008029011458,5.429742241737768,249.88622770473083,
1753,168.17822792410976,0.4495177113410165,19.81132005285915,2.073579257042975,124.77900469056577,244.3094882419276
1230,194.44335856142305,-49.97077632993319,,4.787725303948009,69.57126100687951,226.07413509317
1370,188.42833172692985,,18.18629450831346,1.3336783804776708,67.98611094091733,
1228,146.16727144981007,-32.68416413636369,,4.078045003949364,271.43935191731765,1996.384537492759
1739,241.14668118294196,45.949086263016,11.639434818406635,9.816627477995237,204.2833151838042,1943.2827822086333
1789,45.97685695953981,,,4.844792185244234,297.50383701521395,823.2335756078384
1590,1000.0,87.69157568486202,15.690018519881285,9.956017709522323,122.71931605826435,447.8342418911154
1065,,44.072864657195,-50.0,3.507925453552191,,1641.993158908994
1879,,,17.274762724325367,,15.828145261219195,356.27812569101127
1967,48.565026076583266,65.89923302447639,,6.321886209470267,,369.405059619297
1281,106.4164032144009,,11.091408398495837,3.6230871170822154,70.95496012768047,625.7710760845
1812,284.7058456104133,-46.99181854315949,15.931498879889588,,258.89947857576425,208.924274978849
1980,,30.1677033150158,19.531530382408228,4.702658181760521,274.92653809296684,979.9369426529228
1025,295.5850519630383,50.53098451687356,15.686705528859118,5.30699517808161,74.26032852984464,
1055,135.9441353118828,28.130769269693516,14.71815971844039,2.022302527156367,186.4322891477362,1514.5977552640638
1792,259.1510889107753,-38.56812249561282,19.72210814190833,7.545635087536022,229.81528092577634,1597.6417975260015
1341,310.76898300341185,82.43914314515933,16.51927276544902,2.4718344127784255,31.2623610494162,817.8530607578847
1343,251.62272649624222,-13.604972193685455,19.777122451183814,9.962541277004934,92.67209257271732,1686.2691274237502
1707,70.7524554371576,52.93629581432086,13.724982414307204,,14.70121562145561,1871.9400071525404
1775,50.91629093573913,,13.430203706628184,,267.7580809973115,1722.84715442237
1919,100.94282830699885,29.59267259860181,17.190038032653305,3.5472840810333794,102.59567921607068,
1086,352.4408056765672,87.97510489316801,11.10462098264838,100.0,64.03980311624898,1445.9115535851192
1679,198.0327741839244,,19.931752553083577,9.313132652729537,167.334259049552,781.4901073990366
1549,86.67942922681672,7.756130444256726,19.92779748183815,1.8315725155133897,69.0861309266514,1122.5264911140666
1972,169.7291267340695,-71.49106580970374,11.471843884266326,4.759024919861104,125.41657584847376,1710.473023009075
1831,331.60432991274,37.60687011064168,12.335041187733488,9.812953626183427,68.59602640499641,565.0228720304742
1710,,-39.56593243293894,15.172759930650153,7.829177734175845,103.29942106952092,241.46831548333392
1409,,-41.38128781116829,15.017552602582874,,210.80926621718092,358.9834966116004
1015,54.49468622273032,,,6.3724567949796285,62.50608344366576,823.3137294812564
1209,,,10.363899761441864,7.764938402489459,259.32569797046654,710.2979088759348
1578,203.486601429084,,10.562596311677385,4.200304569084046,83.18193784388113,1481.3589297859778
1658,129.18790601584283,45.41650254864899,19.504502598336828,,183.51643174556423,1963.3434711454445
1965,226.74796968507712,-43.64250853133392,,1.238778535982625,27.531566502891437,
1394,331.0306003139385,31.16939459904853,12.745453935762932,9.197521444943206,64.61236235709093,1688.49895483415
1987,35.542150501287544,-38.524711031091385,10.178702658863287,,,1945.3508155076927
1651,23.104579946925764,33.94066019427285,19.69814116844005,7.326553123740257,,971.0756609620262
1405,70.51445768957005,14.262658088719945,17.244629662002176,3.669156645411319,226.6245584310915,1255.3765661210468
1672,-1000.0,-52.950617141625806,17.564072317513013,5.165753487530273,283.2564513876502,444.3538684006762
1877,,13.999814045820273,17.591207986438242,1.040565741767873,82.04200451231979,783.3742128470244
1844,28.87656207188052,,14.477111054784986,7.728749657544929,287.8863378499381,758.7674178332197
1556,40.197003375315774,80.82423305165244,16.6689426376582,3.998159652346028,44.86670493195071,1301.942275063606
1076,6.246632413269664,36.52591454612943,,,,1723.7435770066118
1158,249.2092670782323,53.26121737325556,,2.5258464775106146,2.0360969510622606,1037.8289158879052
1910,-1000.0,86.4428690513848,11.730717073107872,,196.30299823935513,613.4339646037128
1510,,11.858007492751582,,6.813836752301231,93.39467736535848,1714.4957233578127
1160,180.64795753172046,,12.337578688448263,5.894223299858992,,755.8955213933015
1948,202.1892731158788,61.731171489013974,10.646632352936711,,30.17404546086897,1570.7090192327016
1711,119.39415377424653,20.39627013089661,14.771422777764801,9.38938324224955,278.39901844939726,1223.8550713113443
1113,87.7668032668284,31.34815250229353,18.09783319408028,0.4845365483422944,,1682.8088145311738
1257,145.7630192049842,-0.9974588874673884,,9.404467555694135,0.6088931063640168,882.0204510920871
1860,224.67606934122688,62.2841290180894,18.430117366461403,2.4472995321333877,,1565.5722829088188
1173,196.08817319161642,-58.73927311670322,17.221713849726072,5.391635030861817,244.15014378752699,1106.8999833413347
1182,,89.77142386068431,12.296677955047127,8.247699017471968,154.48952846920713,1392.7546590568174
1951,53.12360887031646,,,,250.41385160513883,1915.7511537435564
1093,84.49720414578444,55.26962629884011,11.942193270522406,,,1256.56326817993
1370,339.7636354744051,-11.837020435193082,17.5545322999288,1.8568646464744238,162.97334007556296,1847.6328626644838
1395,103.91352719110931,41.24266944776954,17.7965505799965,-10.0,140.68334347118488,828.2271916100977
1572,203.9512658495947,-10.029959790462087,15.588697272057187,8.054876878838742,176.82585118936703,258.0228256388093
1525,104.37635256026655,,18.561550906985943,7.004733017661465,152.2188600708295,
1955,358.049090919263,37.26250227273243,12.292078359711798,,205.04136724527427,1899.697450692922
1812,209.7497248205617,-69.40962917411184,16.554136023830782,9.134281296946842,289.7437626111195,
1426,96.23923417683295,-26.65663233590157,10.644492967537841,3.2420294836171064,1.432528581954129,1130.1463743786508
1928,295.62626518837186,,15.797965005280597,6.779925593943488,,1941.0863446667734
1571,,,17.23070317320552,0.9390513835340024,160.19959329700862,922.3457818128179
1316,173.65729309168145,64.35819109843939,,8.958450902993194,26.573878694096507,1131.4875454081707
1369,110.0272163278973,-4.274307059094454,11.903856865821744,,31.881046423528314,600.2955974485216
1743,278.16659043737144,,19.44102873300099,,197.97248321901657,1630.5060839056719
1226,-1000.0,5.577228013249183,19.242500267617523,1.8148110798820403,,467.4523522973928
1380,111.11629835113948,55.65442911394294,11.115010407858657,,91.51379584417869,908.6470803759719
1183,107.48421300885418,,,7.66577544460346,172.00750972619105,791.3828922307634
1324,,-61.668905755008836,11.037596856204624,7.091329764244349,208.20930552620592,347.7372292229119
1683,,-39.56925002989164,14.714204314743109,6.025494431858404,97.23374706264468,923.3817311706991
1510,304.6492385532384,82.02478312607482,17.40995954698698,6.928928731571918,117.03364620264271,1351.8940369148604
1238,217.9782288116894,-59.053903630697945,,0.7276770042227055,242.39621572244104,776.0074829864362
1167,347.24964444062704,-35.81079159427937,18.589153866283112,,234.36119627365204,
1613,-1000.0,-55.701522697058955,13.959378500662062,,220.54276357114904,1101.978282017004
1088,99.78320978368313,-40.70412666574834,17.75312462620414,3.8359223263720947,182.8720606571421,1927.031695115847
1136,157.68749045825675,-79.2420410595158,18.919817460658855,5.372394652341779,141.35911060333095,255.75824942198724
1917,250.29135769841716,83.98065532371211,13.36869244925913,,,1633.6827686779334
1169,64.09237880954846,-60.0997888577256,10.363041778962153,4.579574156086985,138.67879884457946,1042.5123279438117
1964,139.304756477242,26.579560185846915,100.0,9.536753115242519,297.09122996392296,1720.1610663858135
1514,347.35136198533235,30.100600042794895,11.18988190785253,5.063686943367689,76.28064086071535,1608.7455828804202
1908,198.45760209428036,,17.17504849734528,1.1838915902937097,9.308122161176403,341.4517279535538
1783,312.0442371192732,78.97077115974557,17.47810853923407,2.061580801842289,139.36174336177706,1408.1308281925365
1310,161.03929445324528,31.45692717699056,17.669256179199603,,5.040498553367733,1098.9616035225768
1652,173.16410172007465,60.791912604688235,19.284895281645973,7.152806563376821,,1422.3326426533797
1166,66.45713608589843,78.10530486348284,12.971877901320727,5.964609171157406,10.669075914367976,
1141,,17.082463602512263,,,64.74353080258184,349.6030373101676
1632,45.83395479017383,37.79283776610512,12.306568126283048,5.8508923072087855,89.41426136746844,1682.8129232562771
1739,54.50573797134979,65.67620075483464,10.444325760891381,,27.876012431759257,1216.8405539753262
1068,,,16.190656142005572,0.3738574742911145,297.3006612240586,231.57476506141663
1904,,55.556439805012985,15.090311889230094,9.659505963855475,225.177502098912,
1625,165.8688630375536,-18.742115497835442,19.796695385366128,9.086615237062587,51.1979230082119,1278.3531901161457
1855,45.754258167655195,,12.658867707926275,7.8371218172058805,282.06276402761097,399.3077423718841
1729,,,11.024484130828498,8.468093391257794,,384.14831528352664
1453,61.039606152415416,-1.9963761760475336,13.33975507035732,,164.76999933341818,
1455,199.22524988057827,50.08006909377451,13.55288323570507,,,814.1678510425704
1663,1.864637242981324,-43.72368395432346,17.73180099961458,100.0,87.55307663399928,1284.9924058581055
1456,10.170453995213741,-17.36285806114377,13.347804336791402,1.1892962640253537,31.414389611023775,886.3343560167904
1804,312.78104259615526,82.0993053206775,,,279.4814966475182,227.51201929214088
1975,113.33845997008667,-35.949737906881175,,,234.8880616480245,1082.0205620505617
1785,,-66.31269907054607,15.319748829521476,7.61018395947036,148.5073445903937,1667.2216881555498
1621,253.51817407112813,36.61991432084409,-50.0,1.3670571917685448,140.0945526387566,227.00028743249442
1040,160.45116289533428,28.916701491146057,14.894003487211032,3.3237458445082155,260.4922271644225,783.3146018249014
1627,293.03446207975486,70.40897904362416,10.268595204565006,6.309212586144581,182.49779637520191,1927.8619192143399
1029,,-21.142277099094883,12.27091741620685,8.766240335628211,160.6680049080253,1538.4441677633124
1188,297.1247059370118,-45.30595268052812,15.814525071558407,0.963958233740582,73.28803370187526,1466.4953123274736
1864,35.955327376185856,17.95744496030278,,,7.2764302105776,1498.516396383144
1588,,-61.47768733420728,-50.0,,72.52803660003936,343.2959757722717
1316,31.820740482946626,82.00340759930378,,,100.03709786576897,887.6447442846024
1085,64.86738550082711,-23.96058673404646,15.190368929141691,,96.39238837175884,1080.0336684521235
1478,,,11.691511216756899,,151.0557568735439,514.6364606525938
1697,92.6385847882795,34.11416875204927,11.41798056779316,2.1992137542098305,233.55030450919236,1732.9876566075197
1628,,-39.67824839832807,14.80401125704847,2.332511817000191,,488.5361905712513
1274,,-47.504101266861575,11.08572896066692,8.77503641891136,83.09045113206048,1236.4861000298179
1979,1000.0,79.31185379201949,12.77588870613313,,16.90242259037977,1041.3124532334164
1953,,,11.480366124249752,6.221792367167627,240.45794404600048,1663.247424476142
1230,168.2858182402362,47.803957755028875,18.608144433573315,,90.54180320897332,1027.787580299924
1852,,,13.746264864807625,9.652717180690514,,1544.7226675575457
1868,203.20616252560384,69.71000369192697,,-10.0,246.7795405271262,817.9796353253387
1206,340.64050938003396,-13.75027057809362,19.356927053390418,9.727982570349493,259.2074696394856,1466.5230336143047
1137,338.3912966021346,-6.780545217656311,12.82827377551125,,32.263690438540806,999.9414588999468
1578,248.74914210725012,-40.062698927114525,13.13261733986501,,3.7173326893814473,1172.1926074705889
1224,,-11.162379987444837,19.096667120528362,9.273874737466047,79.07893931542255,869.5426915368524
1328,68.50694256919161,,14.026045661377367,6.224420179622272,136.99619154595518,294.3553726717223
1355,203.74641417047204,,19.34898614625606,,56.07517762580262,310.15581642032197
1475,50.86133579659136,-63.12532762147708,13.198557614558709,0.6807298439104911,173.2084292034272,
1580,1000.0,,17.90430823420573,,175.94673494041433,218.4838958834432
1732,88.9305864435183,38.78113420874081,11.836326478542787,,96.7346113723226,221.76852881625751
1885,308.33105896376696,21.788844572066196,15.123043528811621,,226.93746023713757,1741.3090521708666
1548,7.35390627938147,,14.673961346766715,7.844495256711959,179.63719759157016,1808.9680624673729
1760,161.61135076262053,-8.427909175174676,10.933868860540155,0.9481810775828518,273.14435358122876,1558.4656317350803
1075,127.6869418995271,26.045808689885405,,0.9974543527113096,,1952.2618802362747
1140,356.09850083220294,,18.6497209035903,,4.436053370520021,467.87140766237894
1241,82.55834903323404,19.619038712443796,,4.015538252459486,181.77687092996945,1174.2349296076627
1675,274.92632641471226,17.116617162134716,19.581057634793353,4.149574136975188,,784.8036749108488
1665,2.6089094038327776,,16.42413909481385,5.757248577262789,143.40169184110601,1283.2694631054073
1750,304.76946754462,45.188550324695115,10.33249370897534,8.27723838838589,195.89558492998793,1529.5638330020856
1117,345.7692783842259,,12.172881161434242,1.9536615358535825,251.31312566669763,
1773,,-500.0,13.979541518652717,0.2922932711606158,101.14040307733903,322.52821663878944
1018,170.46238993029388,-78.80139167799491,,3.9093404591629333,107.05987170954148,1031.1451810888861
1534,,5.9488055554958805,18.672327291149404,1.2058686064022093,180.35006318795712,687.0931138030569
1269,330.24630358858633,34.705710126380254,12.215078655206417,7.203358468785101,203.85017639763822,1529.323695220021
1996,66.47615969203144,,17.97865883240155,-10.0,72.80768882608587,1349.2455277448512
1984,,-44.92782065565797,10.83585732530252,8.864552389901199,99.76931570708774,732.8818760974592
1188,,78.58060624953211,19.504621123810736,,53.38995535104265,579.6137065072372
1559,74.6121393288691,35.37148688211056,13.016458207977998,,18.095173799386387,509.3215288667912
1117,160.11343873904147,42.31685979472806,,8.974768196806552,69.35647027523838,617.3894476235153
1128,339.1856848632681,-57.09827300128968,16.661821357645067,2.6541432353899275,246.86270241614972,456.564392236316
1096,53.09099329878575,56.52022550939233,,3.117535134871135,268.64257639632376,1760.5738239213356
1739,178.62147061248754,42.83195990286566,16.195237323469126,5.854921004822523,272.1225452201741,
1028,,52.4520252468258,,3.446921240793248,161.24477564992702,1173.3709750794947
1982,,-48.98313230528444,,6.237473147306387,55.38044702752223,1390.5130956145679
1010,217.73267473928402,,15.40948214735358,9.58428685443324,121.09468785536488,1816.3185330121773
1851,26.286022430781454,-8.075315209200127,,,167.7969296293217,443.3737707972693
1084,218.78935018730036,-60.54216184657614,,9.91838860160625,11.916309036207318,1780.0413580063428
1384,,80.70304888063234,14.112152938213363,1.760347467021093,44.8413122516851,
1289,,-73.13897444592797,,0.23844099658485024,155.88919913710248,921.3089040992522
1925,220.6947678338436,63.202446831137166,17.51390335542311,,120.92526153737933,933.7899815596119
1992,85.23842150267807,,18.893524113752548,,,570.1570243874987
1848,274.46500796431667,47.983670000619384,,5.686094945960189,275.41994268946485,1330.3826960612892
1551,,-500.0,19.885686525030287,9.769940273832747,4.500624131165321,262.8675021357993
1099,220.08840347223517,,11.851408631527725,3.4853153260233274,,
1513,336.05309716776696,78.68441148792556,18.54848960467507,0.7826578413599796,265.925495092208,549.5437677913762
1729,171.40762747996416,76.58466171337008,10.982767190321635,4.6671607968514595,,924.8158286030186
1377,58.32914196688072,89.12441985740796,10.910047551295104,3.487432193366874,235.052890804088,1504.5404849094296
1417,,500.0,15.23406523252274,,122.46957820766421,1457.029009202261
1152,205.5573031070798,,,8.955857227260244,185.3064235405911,1888.7265411801375
1225,183.08935805503208,27.6232576261783,17.069563809133506,1.8245228106552567,254.33389056415362,482.212792208589
1068,348.93774823999837,-50.25222384149138,15.595487115216187,0.7377637943051633,117.59357680023051,949.3364788716555
1848,163.89769832915326,-11.885152027346734,16.35355815322214,1.9874193942682707,132.27015247093158,1498.8649031941172
1870,,32.426240549035185,19.453194748805046,6.797352042946528,132.0917088704296,680.081366421658
1944,336.8226781356119,5.7708612915299256,14.47191377179773,8.586376743866143,197.3774936901918,
1940,,16.207210062519493,,7.725008519287695,,1548.9106349450967
1798,236.39177099935415,,11.432341526357641,6.3444095964658835,214.37498841642363,1434.622112737738
1501,313.22445458221665,-24.216089645564566,18.438976595790514,,78.78460668381076,1444.4795629731232
1311,256.41735201348285,-8.473481158884212,11.391472318551504,5.056165289706175,100.89123736168649,759.3425156025168
1212,,70.56639815687646,11.41064225197624,,114.00135124474646,1087.6304536305126
1018,208.33859068677842,-16.016027408438404,13.080677873226676,,197.7561347330216,901.7051042917377
1636,,,18.146783212588353,4.126046906747915,289.8842480595377,1350.303948787775
1461,78.37048377438063,500.0,13.256799513265955,,232.57873598035448,1622.6969469261892
1899,,,12.701491715057948,9.231375858017536,155.2822295384869,1727.1877321354077
1196,226.4669191409642,-500.0,10.051561993893417,0.5122929063604439,80.79284115260108,1759.3788324620002
1162,,31.999218216084557,18.008187930520176,4.24961357361005,91.13622438911058,961.3520482860924
1330,234.78570387818925,-48.97790530830306,16.50448995707717,9.56746005004228,7.862782157014037,731.6469624251798
1236,97.68366658420925,17.33150761854715,19.19091030422397,6.766197923015109,168.4871455316372,
1288,91.09787600123958,,13.180986192296363,4.5221771367656585,217.84998953262505,852.6350833467345
1072,330.5382856585731,,15.192219031095176,9.774103873836776,231.35823082117102,1552.305962050464
1849,,43.573128173393684,10.951052598303013,7.946679702592482,,
1637,113.88583744379822,76.33176781926142,17.59231127650122,4.2027391117615975,80.11253585334944,
1803,258.26991666882094,86.6448632971991,14.337076363926624,5.161790092834547,219.81114872023753,1729.295221092719
1509,,500.0,18.35333156357406,9.279050014388611,90.94207691351598,1632.75632409616
1806,349.3681853872913,-3.100426213481853,14.890688145543185,0.9541929263436212,23.532423773552004,1650.7367864319763
1348,108.37782990865304,-40.90549582490151,,-10.0,128.28665322398146,295.54972029655005
1359,,-62.82979368161466,12.163728358527955,8.098511850672724,116.83475631513807,220.398258313172
1220,174.73859438033782,46.89919729312959,,,15.63863769299334,421.58559052550254
1411,357.5266884218078,25.515979998376693,14.775794019445268,3.570727886672486,7.682042974070836,1264.8759601714198
1041,72.8434107449799,-69.44216826041385,17.534682564161184,,211.52872208195134,1163.1929265969968
1678,,18.326365334878346,,,195.47396220114942,
1682,180.27737819020624,-21.237136092912223,-50.0,3.498526303574263,,1467.769480955605
1335,,-87.20950423551326,13.315733374567156,,123.67977205779016,1763.173044481495
1423,,-10.453634711522099,15.431682936909057,1.3677953896466235,223.28901869814186,1814.1395673738987
1232,6.679554943401542,,18.104990491522724,0.28241493177825727,84.77495876115212,1582.4134607876438
1318,-1000.0,,13.935583964312777,8.189139565021291,268.74269468964866,851.496491539294
1030,52.825838453314525,13.167324005367192,14.766158772991618,,114.7772173916133,1092.056906505012
1451,128.75546027769448,,,5.660678849026738,108.62934529457422,1060.4408637202632
1856,,,19.251042179193377,,,1698.12836159083
1988,1000.0,-87.52885989697204,16.81255530779479,7.111739750393661,291.2990898727053,1264.3492973656394
1216,325.77303230189074,27.22452492503018,11.706031352874454,7.401240991422094,44.739179230589066,1122.143188961857
1773,95.67832940583399,25.21587968275776,12.958205046713655,6.3524037947968255,116.05162363317206,937.3704571382256
1732,351.33009511678506,56.7161541656894,10.189637407187435,7.565175464156542,119.19123859818608,1079.814218729138
1785,292.7103069429743,59.68226111415939,13.055155356865173,7.253582815136823,199.23288231794555,1735.9697169217434
1126,209.8075764535582,-1.2704806865821894,16.660890966459654,0.8046743951170733,170.84301711223648,1666.9240727451522
1502,,,-50.0,1.9318599689383116,238.32612844377974,
1729,94.8904035594448,,,,,
1324,,4.753727778079266,,,84.29357720984459,994.974693218174
1860,81.23953912703573,-41.05845780562998,14.779479885665237,9.711681982501842,295.3458887674345,640.115510818379
1857,298.9455653609946,-80.00920039788456,100.0,3.2394332125660865,65.57214590176605,1727.4030754148514
1875,233.69053133520816,,10.69524794011778,1.724800357194152,288.01142660781204,374.51264842309024
1429,,-41.55444480275937,12.693283429643305,9.721160966760552,264.7344646980696,1563.924735251771
1736,-1000.0,,19.572273820677204,0.9428965947807948,37.24922416596308,503.351918192385
1028,,76.26169504376111,12.252212197049115,1.308696105839288,104.39042032989998,1540.7223146701929
1599,333.10326424906265,-45.81822900177187,,5.510880735770709,260.7077813482263,1705.5000402418918
1746,167.55908900582426,,15.040890801286366,5.172094827567498,211.47211362736073,
1134,317.3075646411443,49.25472010679104,18.570992428845564,,23.379224182751912,1723.838951012196
1496,261.06967656176585,-54.16902702815989,19.5790492592743,,,201.5123540505448
1575,203.65386817005768,-28.196339589845792,,,36.67988167227697,652.5431844925924
1463,,0.30514890815818774,-50.0,4.108477478536741,201.27935185684626,1628.552264721175
1811,224.94597320916495,,14.612154415494098,4.372654080465599,169.64012773202748,1455.2403462151678
1315,,,10.217723375204567,6.318544038189325,83.87168780829565,
1957,,26.08752946463703,100.0,,20.783676834613118,1427.2824175490998
1064,292.4906563000766,53.96801338732499,,-10.0,78.86243625768043,1636.287771494659
1777,96.66289674853378,33.25241252823321,14.979537898903997,8.245453126783984,15.22234280288528,285.22900803472066
1139,221.75067098188143,88.27782496540073,,-10.0,204.00308252193878,1319.4329471914652
1760,310.54275717721544,40.01587870164738,,1.663876941775089,73.27540463928706,1846.6161214421736
1510,,-66.10577944291289,17.903342699403723,2.809355217907845,18.541520910783838,568.1122435781643
1004,,66.53321861437985,,8.548675564184647,125.91561257679321,1353.2691974742418
1941,170.96569115458612,-86.53240453475951,,0.5797557502911067,164.33598711443682,1635.657844315187
1811,,-9.34873331515439,18.88071318880467,9.745134235803198,285.054900526975,
1517,1000.0,83.11919857448325,17.339395838412194,2.8051451974275308,245.74587600320675,891.051830711479
1489,353.5420206209678,-72.20598515984547,19.57146461032159,7.509163695362471,51.99481884161008,1147.9578441920821
1508,56.66825080657425,-34.05425731777352,15.398074500251427,8.706696680216082,50.33964296594736,463.6320415926602
1513,310.8366844129558,88.05272461435413,,5.3276945724643685,145.99530739699352,
1102,35.345523281392836,73.08679640667233,,,,1684.6482305325037
1798,247.92556064467252,-53.087980765579175,100.0,7.498362173642946,174.8458789933939,1839.2004116228043
1221,162.5056166806807,-64.89045634094198,18.312536163686097,,,1091.2696781948084
1486,260.64857822232096,-83.80168279699475,11.243261666452643,,65.09842122327707,
1863,,-52.009314514715264,13.525173479421941,7.174794627421699,280.15588484663874,1889.3670176526161
1202,,48.68510069676921,14.136201630600961,8.33533579568636,,1585.0635968580366
1927,183.2481257836286,-82.76717089750524,,8.847151283647753,65.50677947249427,745.3578307425513
1808,156.81511337245564,84.20380489554495,18.7883119317936,6.107224518798561,130.48851600485952,1373.0007495250636
1406,349.31455615535066,46.2805216305193,11.73118680998663,1.6935536961428852,210.84982552669572,956.909567844367
1629,,35.53551409237673,17.32937950176523,2.8884213835935864,50.55258492047603,1965.1724148625653
1661,146.07057288071053,73.2289359541283,13.412519318893407,,152.4862700188596,953.4492737278225
1219,151.2559274467132,-59.4245441507815,15.764506446328085,2.95635128957635,174.52009518887672,855.7297447031302
1528,311.2609044377227,-63.10548451251821,10.908935136450857,,157.96055522071606,1109.3444411767937
1305,196.2604488077526,-62.23348900337342,14.519349616929102,,100.49526332066296,1720.776992213063
1550,198.5106658727387,-32.881137369040246,19.269864741582474,,113.78509689163694,1906.1443235531526
1292,165.6505622900564,87.99475343193598,,,281.0598279102926,252.6995091462021
1395,206.28092721528816,-500.0,10.811626699509137,7.806732821916011,130.74960982298302,777.8751388807259
1031,238.1332554084437,31.876240534023026,11.231336386883207,0.38426163439961103,159.60328119372497,986.5962803269373
1177,38.63941612049016,68.48060740783689,18.370488221077895,4.51766937654947,66.38432470144777,341.09019731616564
1490,,-43.81027065419883,12.682268560385467,8.252233385597998,165.63427777075313,642.7657965863568
1982,17.526543843635075,,14.108273873823478,9.452673637428767,268.8412213534553,1426.6571957259264
1465,24.460333118445,-57.914355224912974,15.48221824241254,2.496211913779014,279.4241987807624,1966.425853218882
1505,75.09453206002063,-19.833780779509524,18.549632685369353,4.573598028503876,170.67453060073464,
1044,106.86991661940513,,10.688267583246052,2.602829585087065,14.493992009019651,903.9324326798121
1520,227.60631895452693,86.36165862111622,12.50852451645953,6.765894094625468,159.49510754686364,1083.8682811730453
1067,342.2055121547101,-66.95130452522636,12.895702820296897,,41.89930168953553,903.528464083392
1312,257.6689469974757,,13.61825638914766,7.006932776114924,63.0983321086661,1970.1785523187607
1420,159.93525544768917,500.0,18.37934134091642,2.0962068164192034,131.9468094585318,516.590489222318
1860,278.7134300327829,-41.334313079652844,17.62462727408227,-10.0,183.50233137359245,1321.4572539686167
1187,,,19.733107657060174,3.9519752577159823,69.83906855879717,1819.4983751352584
1040,31.511467481594117,-5.797881471501924,14.953544498838994,6.938172059246934,,1949.9968907552689
1872,,75.16877934003011,19.768846692881212,8.323500730999243,287.15926676099934,1667.7833005554896
1840,332.70601100810455,,,7.383295277973444,218.09680665401555,374.49461998556154
1452,147.10970977224818,88.91241697680147,14.060128056012399,,38.395335215852214,1968.8700046893111
1046,3.748046623703871,85.57768584403462,10.711810381635523,0.6868865126363524,152.4333089601144,305.75302537521407
1277,,,18.58164583724535,,292.2218532296166,1134.509015766334
1866,199.07228498457022,38.12369074177346,10.162327836420928,,210.2615011957291,349.2590204582599
1472,125.103050393351,59.98390684670363,13.584446638932441,9.129955270188203,30.653183753107104,1060.0080349063492
1993,,-32.12298210232421,15.70231751362074,2.4966625248624825,10.183108297880628,1437.0515094016191
1795,317.6433801916182,,16.735767396727436,,59.88025946110517,567.0909235018712
1445,,-68.36269206906698,15.23764791533415,100.0,165.52151072267984,1653.1781387633778
1286,35.398174615475284,-78.01037976366854,17.34324225407455,7.923035896385387,164.9159031072415,1641.7629387946713
1925,127.61359916601737,,12.868354895888283,,47.631106821075306,777.1973198118645
1500,295.3688203428232,,19.56432416506587,4.006722395986367,,334.07522871319765
1323,,55.199167844967434,,4.02611961224202,187.6005993322675,
1174,138.01641319371902,,13.732648386437834,3.580359539717559,,1383.2633765995754
1234,183.52107969939522,-33.703015827883675,,100.0,11.427131772720955,238.6984073854191
1653,-1000.0,,18.825863782486557,9.009457169070119,62.87682544127544,621.2760126893862
1992,,24.456508565960505,15.380468255094954,4.150809467743394,110.88065986823396,724.8790646633092
1660,154.88556618551405,68.39235463107872,11.338094863293675,4.843016554257599,20.169258853627802,745.87163177258
1902,,44.00725874123691,12.82180485092223,5.448308942733991,104.66731323245256,1912.5883539335107
1689,296.47722861516655,49.56252011984691,100.0,4.340230348487273,202.2151174108364,1660.8304238969886
1279,54.87886775119183,,,2.8546260482884107,32.03752202351476,1616.878649704723
1222,,-89.38776085378254,15.372123073317768,8.353485913618925,41.77257325301197,757.66936002956
1009,,88.46732718942224,14.332890278814187,9.792422607455263,115.40221010008912,1092.4003692476726
1836,149.35759481757538,-68.2921273593994,16.825724281598994,,220.25148134405003,1126.2640574955199
1746,100.39376238039192,16.83243268567584,19.98282628722607,1.749376042559303,221.4791704680701,1939.8207482663886
1733,51.77738226191288,-16.72098278546028,13.371941345069818,1.6764902430295412,212.97759115311564,985.0735511958976
1759,147.99257170403314,500.0,18.058010641163897,0.26953425031506933,279.53215993957656,1008.8668245178549
1811,,12.986437855248056,13.261451817008732,7.021385850256266,151.09100446927565,783.6219443560499
1096,337.52393380386565,17.54909609979194,10.69360583205274,9.832822758597606,259.03411001156684,1284.3151633515477
1405,34.5065325067359,5.120986271233008,16.159012182550647,,,1964.0940014053253
1413,255.98231613948613,,,5.0796001689922745,233.0370595803604,1844.818902236697
1145,324.4886064693674,27.164334105806276,19.250181016603126,0.23869734058180703,232.72705185448822,734.8753210073538
1205,,71.97539363324671,,7.404490940392836,120.18860783510573,1472.5896363955264
1287,215.83633756400482,59.459330823799036,17.927376765139485,7.730075078832124,67.7342777071533,1025.634403788194
1425,2.8569440782378708,74.646098168881,,9.140802724614195,220.98776682857093,1543.0800083733022
1572,,58.813359058426585,-50.0,0.5571663334649756,,
1004,273.0039194801121,-74.3024959433396,16.307861314179007,,109.16635063951449,443.40664183294484
1358,231.50363614298456,88.27690082429646,10.988891775737489,6.474179369657742,17.621739642105293,1985.1517457560103
1650,182.78051520885452,-75.03003387080433,10.09903882995749,,119.47302329972617,937.3528335791945
1720,242.32777534696083,-21.08046708963745,16.681650643677152,8.455265558525054,299.3446563448184,1239.9410165219713
1766,122.8904433134221,-15.768406005527382,18.316217208492407,6.534885271196341,210.22206048791256,666.6192809549405
1576,105.33654410454349,,,,207.09041919899025,279.8804555556519
1897,,12.832497525266504,14.683921108191242,9.481082063175897,22.93960650447058,719.9483996387985
1832,143.4959398737811,-9.805170026971922,14.833054815000883,4.725379533060354,89.368428835342,815.3726750841487
1923,94.16925132926146,,14.825396917479658,8.014888332975286,151.35626306489883,1425.0005170774286
1918,95.87662000949922,18.7856357731183,12.847026050359442,6.602771550536157,137.0483435955472,1612.428692829519
1574,320.8470771476533,-11.052505133019082,,1.3559072551277986,222.1642471754115,
1971,,,17.873649287050213,7.616769737666896,183.2043994275898,1381.4286772426674
1729,,-76.88574965830391,19.52565056839331,9.994733802690034,132.5860060551632,1914.6738081449164
1640,280.36333906750485,,15.541664004925474,5.2719520170927066,242.2620527906352,
1281,1000.0,6.297645475980445,,1.1510354814663544,291.81772765445504,
1956,,-9.705741421952283,18.648472161883376,4.085332372270745,138.62723070295928,
1123,81.41074383729313,,,2.6404724958796533,131.9795054306825,1894.9981694325666
1388,145.77725279541517,,11.75760759345547,2.636904216035746,168.91382716043663,
1023,246.04964694059686,,15.650919930590414,1.9073788735290973,150.6258435904755,695.8832006267307
1571,22.939113884038758,,13.226912678475408,1.1757484344543316,266.2222035118776,1113.5716184185972
1539,153.71190062690545,-37.89820360838993,16.238199626008072,7.635224244311979,192.2184612043098,477.4118226689202
1912,32.23049616706355,-11.495063457710216,,,46.31882927404452,1346.8427415261053
1469,,20.2905242289698,17.64144110118366,9.795172328987302,36.8323232313576,1994.7420338158536
1616,64.86941655064025,26.053967721716532,11.28627096396624,,49.508111836655,1903.2233056050957
1603,134.31633963011814,-65.09751367105389,18.201807161818707,5.949189982349968,262.17971147339443,1873.4366387473067
1322,288.3264915813102,-84.32913558350131,,1.058334484659058,49.64611697006687,248.900213448618
1753,,-63.49883851533103,,0.6505933584740158,230.714764715632,927.4285446724687
1863,300.2730333929322,,14.135978680209263,9.328235027451344,193.11359874368475,
1687,251.69347834484742,,18.07378704401184,,175.81975977856723,334.7511699892394
1717,198.69253495119756,60.02076376712438,12.473667963595911,8.810057863659441,142.7852339237498,1693.2686095496356
1579,218.44693222449027,43.25994286697389,13.66645575166146,6.079215950624338,214.98256767170608,458.7951716860268
1779,135.82887048017923,-23.765830828874016,13.63750132819316,,149.3297189885753,1101.912415726638
1017,-1000.0,-50.877199700811516,18.996488009559535,6.489119898143033,288.36807315028193,1003.8980185638418
1705,125.1145615638953,24.012337065892098,,7.069516121124334,16.455623712134194,1013.781029039139
1678,,500.0,17.716335915011342,0.9831502703547336,227.30485291927772,1474.344653818336
1478,,81.41913290959448,,,92.23501862792946,290.5139190814324
1430,1000.0,18.014537259185474,18.734027727631606,8.616541280482554,240.2697931616067,1320.044907610291
1913,290.82426600849266,-20.261710214680406,13.160829226430918,7.170927140922956,57.28564388121286,928.0630131426113
1906,204.02428728397945,-53.068616450630216,,9.288915100809955,234.9657503219303,1269.4570566537175
1460,306.9621566911043,27.75857015525598,17.775097908493645,1.2060844725009936,139.76292408668215,641.0878509212919
1047,317.30935670106834,-72.02062578797936,,0.7034442795846012,79.54494263631939,1269.5973152177369
1811,196.96816570737874,,,7.712294967274703,60.006978796801334,1818.5270140055025
1687,-1000.0,-88.45028043922196,,6.913938399346033,15.447830629028402,1658.404896706088
1696,228.39886428480273,,15.307578697784372,,114.1903931693284,436.59751222996687
1610,,,15.34784515954747,7.560480190064751,0.545958926390333,1978.6710903432004
1380,217.864346373133,-9.956706258586067,,,34.20912504033121,796.8132511983569
1419,,500.0,,5.670703116186042,289.769722760294,1602.750865793166
1729,341.9237654276035,,15.062321199593814,7.032571995142246,244.99480071537863,1898.134295364998
1106,130.6435197649117,-70.21990749240152,15.508480161398674,2.4893599517153766,194.42495842498528,1956.3742951170086
1936,19.594919933594248,-4.833738828373683,16.141361799723416,1.679109207070325,152.6583504120316,627.9267740482168
1253,,500.0,,1.5189403293135475,175.40512763455217,1136.0475596272422
1748,101.46821723538667,,-50.0,4.384042125347908,295.6137325600071,1724.7555359510748
1563,1000.0,,16.06795822970725,0.9396220998247278,54.876311541203194,1982.951769056378
1191,176.45981518591375,-65.60096319140922,11.340189577538332,,,1918.142779686902
1233,127.58046486603817,47.84584928571621,,2.2327524788073756,123.18660413492351,1440.391201651863
1294,259.699475887446,-500.0,11.3989045678683,9.236722978012208,224.3669921488738,1791.0759789297847
1175,237.01194022112966,,,2.8026626019723864,9.303935925584227,1151.7091632750303
1787,192.192023014952,,10.597872071342035,4.234561843327451,228.34755577737178,1880.7220387867235
1899,286.00853893550504,,10.263154838686118,3.700555737519659,195.22637020459584,1446.8493319746651
1776,97.875534235449,52.27677777370866,12.015964844372558,4.43874881873269,90.08049320616018,272.17102908081614
1110,,-87.52287463885644,16.462160753447186,6.428714858696419,0.07472794420150253,1663.909445808141
1251,91.0049023075925,60.84266493429743,12.36428717178737,7.010319984285987,1.4790206182517363,1938.6626142302998
1827,16.85194854375966,14.243014958086192,,-10.0,29.238028920228043,1404.2892903629888
1158,248.41905184258025,50.086062949078325,-50.0,4.938492299704209,243.95428636848612,431.9529941924234
1616,168.51053179351297,,19.140764875546203,,126.28040392662359,1192.904046201608
1296,354.86061273297906,,17.801579084656368,0.4620203108783957,47.915746022660564,883.3130160328366
1958,,6.74195607363751,17.383281812295117,4.787985256388888,,724.4373658698714
1086,215.34484819387575,21.07392055049148,,7.585251494239504,183.33482789479368,1706.5486478328905
1845,26.746037303313678,-51.92353435813903,14.734054843442152,8.659765108767392,17.927968195469735,878.6398738148629
1479,177.23920021292545,29.170140157724674,19.530033583220707,-10.0,202.35028474707195,1426.7742077397868
1246,94.88288044729168,-18.619114382616473,10.999408521611873,-10.0,163.9329762298006,1647.6606452208314
1809,262.93088094751596,-76.98554147616309,,,162.6762132474963,647.543664924928
1387,50.61284912041178,-46.22421188890259,11.165585661267226,8.977746674920224,144.0010918763307,1378.7900708582813
1518,,-62.523365195404146,,8.842023425976667,125.34276691025144,366.1965556712113
1800,137.3355461278,-77.09824703277197,15.708599394332714,8.650335446093273,225.60599785399717,458.2546437385469
1533,333.8503372774832,,16.037757815383014,,163.77309017306686,802.1090955106666
1359,88.72624985883603,-69.41699327667489,15.526038781403967,,38.1193381762009,
1603,165.57407585480698,-31.978813108230547,12.142630362746088,6.032928836307182,209.42280324448257,1910.7156138398775
1582,154.77552466234275,-85.95456391026003,14.810234345797513,3.7212348711114682,272.70413290282056,1049.183293260137
1704,1000.0,-13.764357192170962,,7.263303054199001,273.52236672990233,657.0673425528964
1265,315.6673965957909,,17.622101400183737,6.63638003633934,115.39112266072426,1899.7034847103378
1173,77.37453379766318,-0.1254152859813047,16.230921300320098,,133.68318236783628,1881.2161183639168
1072,98.91316340050837,,19.734326632784544,1.1870960521170648,241.9521766106936,568.9675774518932
1847,159.86105737631513,-4.491090735756288,16.478557190078583,5.760348235149219,182.44689561625918,1440.1875919802117
1353,,3.371679528491555,11.515953386386116,100.0,240.3144218696445,1052.3203182813568
1366,1000.0,,12.320080837763236,,185.84790728703902,431.2624682361367
1048,165.62747410423987,-3.3735829081380757,100.0,5.230267519295335,78.666321102278,462.9454296575957
1645,,500.0,13.095698910505067,9.700634781118286,183.68346628438678,663.8606461621669
1868,336.3293835305983,87.55020782791163,12.185135128951647,6.607460427992908,,816.0118976888083
1027,6.11768617911951,59.870522148433736,13.058313444274162,,74.99268977178764,1411.65385168308
1514,165.92476594250633,81.7030026446173,17.359481625139733,4.994277457621879,223.15889756782497,1928.0400014185914
1411,139.8393259421875,33.78610173899392,19.519484646591675,3.813145317651136,171.20637283777265,
1725,,-23.84567390353702,11.974448447947083,,207.24867642794064,916.1057944010107
1023,25.084232257599773,,100.0,4.574784199266893,164.90406813164518,1138.3937354559507
1796,16.31812650536801,-63.36191338344614,14.502625044749657,4.363660572924039,38.46284710843557,625.2338526129566
1915,189.62961042821067,,,,,
1972,1000.0,63.74954567214215,-50.0,4.2333397545232,234.4592254041216,1043.2083287682399
1863,315.7213058577737,,13.08954494811396,6.260923327090568,293.28256201400137,1248.3023320254176
1979,219.43860174777635,87.95474950488503,13.92596571172071,4.413391499852871,60.83162669513439,1943.7572046838798
1728,77.62226050425345,-26.921967738843563,19.264144366951477,,60.435335802921976,1147.1166971737323
1332,,-56.139946311415244,,7.766405507366379,231.5518203096286,1475.0499041830358
1806,1000.0,43.69976488739388,18.71020804941306,,280.7532018582835,1739.971840595374
1323,55.138812750622634,-57.55964530180491,,6.853233269367033,180.2193779500146,674.4899898141327
1962,267.20603418301226,-32.61262639996374,,-10.0,219.49193832928614,1094.5020609231706
1786,,-7.1118117468964215,18.592720653777317,3.3802270663826524,241.85494561878937,1850.1149649208903
1528,302.2737586353145,-19.419449095347517,16.847586690154543,0.9065494744800465,269.1754287398943,435.45003089675845
1323,154.10743264677907,68.04958500190367,11.974256217458697,4.027566734799243,33.93347193638259,1558.0075336998048
1039,201.51062135053112,23.47668094929662,15.222248112604067,2.7551915366125534,251.2804463213463,1256.11844806172
1702,3.2127259585873835,-52.152577020198216,19.023458415286626,4.007196768893652,246.15295357495268,785.6811948651983
1440,312.1309606991426,-29.006870798904323,17.629154444741776,,60.61954850373381,1056.50015838168
1091,274.34025571477696,,15.90303258721797,2.199285543912198,230.29768688550584,931.4779216258246
1236,,64.6055907018837,14.852684070759818,100.0,237.0586348736861,1093.4396952545935
1888,3.7474199605039393,59.044425104036264,10.270491014133901,9.346209569804703,250.16907965250752,803.8918827672583
1881,127.46435039641604,7.862600582556809,14.116840570649526,9.954856815668904,135.33719530183183,727.0574766432393
1072,294.11803278716997,63.2271691218275,11.25941150928785,,210.58816229802477,1556.0626345744788
1571,51.90386474329547,16.807107126087928,,2.480044623138095,283.86276072351524,1499.9150580714906
1370,214.5559803284898,55.82474846907658,15.922696705609365,,98.61174119349208,
1681,290.05896709120503,,13.785552265301275,,160.09394277646908,1650.8932880697453
1335,119.64979937251941,-72.18166775852748,19.06057207257102,5.084716714111402,70.19308648453278,1681.383107182419
1307,165.21881003325475,-2.78565667987597,14.225953287796958,,,
1964,,-35.10345041224943,12.797881538157991,2.7098769062597583,212.12470097936733,1426.7752359563824
1327,126.72070280835774,-13.662436825932247,,6.2156929111372525,,1863.9735429007358
1912,139.72219031455884,500.0,14.489845631540073,,99.69032827895646,
1013,244.82279921322868,-41.459464030820094,18.846279309975557,6.940385121905473,,1542.8235531370954
1974,,,14.417479413034302,8.108643954647393,97.43733544995139,804.2291107312508
1652,346.74082982160627,-33.36078713201917,13.644575765091066,8.829277279096297,49.807862517004345,1060.8012175815243
1311,133.43352436097274,,10.066460732110437,,4.155950339328774,1207.5903973821387
1749,18.816362669525816,-29.092741420814605,18.805728473551987,100.0,284.5057386885318,1289.6009124008867
1875,70.21548660534758,11.64634604213029,-50.0,7.386077639791147,203.63757793098037,258.2835525421224
1890,359.91085452974755,-35.983773111430054,12.094130608581823,,14.167102130342968,690.9168190268347
1980,314.0050368671793,16.478646308650582,19.2626179203617,7.494414649634812,188.21886634133983,
1356,245.2189343136832,84.06766719523876,18.963135145606767,0.7746121498976991,290.7328520748804,1251.6525002443475
1760,52.68949204956562,37.46890750611563,10.77741141733779,4.437227877466953,297.8195829981733,1752.7951806569076
1966,253.38806370895077,-62.48198030829635,12.761148932580454,,168.46885210935196,667.901102084802
1213,152.92761671597955,24.775092278361484,,0.6975469302661206,44.41066240597807,840.9331103843723
1512,1000.0,,15.670412127572217,6.702152201258071,41.79229394601423,391.3646717841232
1655,203.90294103770364,-32.793203029487884,15.203433642273808,6.328268724292528,111.91283018554313,1519.7513413388035
1596,25.58514538454519,-52.30495878654708,13.340758631112921,3.3011206548265046,146.79026389538447,814.8040559143997
1314,,,,2.9913717606857047,20.916643611941012,1419.7450884621148
1007,104.3235232214482,,,0.10254970352372329,249.10652121086503,1836.1102504137007
1610,,-77.53032554331574,,7.184422784206626,232.19425394149417,1610.717662795523
1389,143.24042772399412,,,,286.8244062396317,1957.5342855829542
1608,175.7136179232793,-27.253634359438244,16.739628201725687,3.3083935885040803,189.3772022209298,780.979082613487
1553,359.7571774075717,,,5.804930761333851,,1386.9672297420232
1939,340.09325855873544,77.28256795605552,,9.621816902524081,26.418337107279267,1129.82219162624
1418,109.83679817701238,,,,257.15175329762366,1539.372702405691
1266,,56.485931556787364,,,285.13659648288075,656.3807725274512
